Workbook

Sheet Dashboard
B2: DASHBOARD QPI CHECKLIST GUTTMAN 2026 — KOTA MEDAN (21 KECAMATAN)
B3: Terhubung otomatis dari sheet Cek_A..Cek_F melalui rumus — isi checklist Ya/Tidak di sheet Cek_A..Cek_F (kecamatan = kolom, indikator = baris), seluruh angka di sini menghitung ulang sendiri.
B5: RATA-RATA QPI INTI KOTA | E5: KECAMATAN KATEGORI KRITIS | G5: KECAMATAN TERKENA FLOOR | I5: KECAMATAN SANGAT BAIK | K5: KECAMATAN TERENDAH
B6: =_xlfn.IFERROR(ROUND(AVERAGE(QPI_Inti!E4:Y4),1),"") | E6: =COUNTIF(QPI_Inti!E5:Y5,"*Kritis*") -> 0 | G6: =COUNTIF(QPI_Inti!E6:Y6,"FLOOR AKTIF") -> 0 | I6: =COUNTIF(QPI_Inti!E5:Y5,"Sangat Baik") -> 0 | K6: =_xlfn.IFERROR(INDEX(QPI_Inti!E$3:Y$3,MATCH(MIN(QPI_Inti!E4:Y4),QPI_Inti!E4:Y4,0)),"-") -> -
B9: PERINGKAT 21 KECAMATAN — QPI INTI & SKOR DIMENSI D1-D7
B10: Rank | C10: Kecamatan | D10: QPI Inti | E10: Kategori | F10: D1 | G10: D2 | H10: D3 | I10: D4 | J10: D5 | K10: D6 | L10: D7 | M10: Floor
B11: =_xlfn.IFERROR(RANK(QPI_Inti!E4,QPI_Inti!E4:Y4,0),"") | C11: =QPI_Inti!E$3 -> Tembung | D11: =QPI_Inti!E4 | E11: =QPI_Inti!E5 | F11: =Skor_Dimensi!E4 | G11: =Skor_Dimensi!E5 | H11: =Skor_Dimensi!E6 | I11: =Skor_Dimensi!E7 | J11: =Skor_Dimensi!E8 | K11: =Skor_Dimensi!E9 | L11: =Skor_Dimensi!E10 | M11: =QPI_Inti!E6
B12: =_xlfn.IFERROR(RANK(QPI_Inti!F4,QPI_Inti!E4:Y4,0),"") | C12: =QPI_Inti!F$3 -> Belawan | D12: =QPI_Inti!F4 | E12: =QPI_Inti!F5 | F12: =Skor_Dimensi!F4 | G12: =Skor_Dimensi!F5 | H12: =Skor_Dimensi!F6 | I12: =Skor_Dimensi!F7 | J12: =Skor_Dimensi!F8 | K12: =Skor_Dimensi!F9 | L12: =Skor_Dimensi!F10 | M12: =QPI_Inti!F6
B13: =_xlfn.IFERROR(RANK(QPI_Inti!G4,QPI_Inti!E4:Y4,0),"") | C13: =QPI_Inti!G$3 -> Marelan | D13: =QPI_Inti!G4 | E13: =QPI_Inti!G5 | F13: =Skor_Dimensi!G4 | G13: =Skor_Dimensi!G5 | H13: =Skor_Dimensi!G6 | I13: =Skor_Dimensi!G7 | J13: =Skor_Dimensi!G8 | K13: =Skor_Dimensi!G9 | L13: =Skor_Dimensi!G10 | M13: =QPI_Inti!G6
B14: =_xlfn.IFERROR(RANK(QPI_Inti!H4,QPI_Inti!E4:Y4,0),"") | C14: =QPI_Inti!H$3 -> Amplas | D14: =QPI_Inti!H4 | E14: =QPI_Inti!H5 | F14: =Skor_Dimensi!H4 | G14: =Skor_Dimensi!H5 | H14: =Skor_Dimensi!H6 | I14: =Skor_Dimensi!H7 | J14: =Skor_Dimensi!H8 | K14: =Skor_Dimensi!H9 | L14: =Skor_Dimensi!H10 | M14: =QPI_Inti!H6
B15: =_xlfn.IFERROR(RANK(QPI_Inti!I4,QPI_Inti!E4:Y4,0),"") | C15: =QPI_Inti!I$3 -> Perjuangan | D15: =QPI_Inti!I4 | E15: =QPI_Inti!I5 | F15: =Skor_Dimensi!I4 | G15: =Skor_Dimensi!I5 | H15: =Skor_Dimensi!I6 | I15: =Skor_Dimensi!I7 | J15: =Skor_Dimensi!I8 | K15: =Skor_Dimensi!I9 | L15: =Skor_Dimensi!I10 | M15: =QPI_Inti!I6
B16: =_xlfn.IFERROR(RANK(QPI_Inti!J4,QPI_Inti!E4:Y4,0),"") | C16: =QPI_Inti!J$3 -> Deli | D16: =QPI_Inti!J4 | E16: =QPI_Inti!J5 | F16: =Skor_Dimensi!J4 | G16: =Skor_Dimensi!J5 | H16: =Skor_Dimensi!J6 | I16: =Skor_Dimensi!J7 | J16: =Skor_Dimensi!J8 | K16: =Skor_Dimensi!J9 | L16: =Skor_Dimensi!J10 | M16: =QPI_Inti!J6
B17: =_xlfn.IFERROR(RANK(QPI_Inti!K4,QPI_Inti!E4:Y4,0),"") | C17: =QPI_Inti!K$3 -> Tuntungan | D17: =QPI_Inti!K4 | E17: =QPI_Inti!K5 | F17: =Skor_Dimensi!K4 | G17: =Skor_Dimensi!K5 | H17: =Skor_Dimensi!K6 | I17: =Skor_Dimensi!K7 | J17: =Skor_Dimensi!K8 | K17: =Skor_Dimensi!K9 | L17: =Skor_Dimensi!K10 | M17: =QPI_Inti!K6
B18: =_xlfn.IFERROR(RANK(QPI_Inti!L4,QPI_Inti!E4:Y4,0),"") | C18: =QPI_Inti!L$3 -> Selayang | D18: =QPI_Inti!L4 | E18: =QPI_Inti!L5 | F18: =Skor_Dimensi!L4 | G18: =Skor_Dimensi!L5 | H18: =Skor_Dimensi!L6 | I18: =Skor_Dimensi!L7 | J18: =Skor_Dimensi!L8 | K18: =Skor_Dimensi!L9 | L18: =Skor_Dimensi!L10 | M18: =QPI_Inti!L6
B19: =_xlfn.IFERROR(RANK(QPI_Inti!M4,QPI_Inti!E4:Y4,0),"") | C19: =QPI_Inti!M$3 -> Polonia | D19: =QPI_Inti!M4 | E19: =QPI_Inti!M5 | F19: =Skor_Dimensi!M4 | G19: =Skor_Dimensi!M5 | H19: =Skor_Dimensi!M6 | I19: =Skor_Dimensi!M7 | J19: =Skor_Dimensi!M8 | K19: =Skor_Dimensi!M9 | L19: =Skor_Dimensi!M10 | M19: =QPI_Inti!M6
B20: =_xlfn.IFERROR(RANK(QPI_Inti!N4,QPI_Inti!E4:Y4,0),"") | C20: =QPI_Inti!N$3 -> Area | D20: =QPI_Inti!N4 | E20: =QPI_Inti!N5 | F20: =Skor_Dimensi!N4 | G20: =Skor_Dimensi!N5 | H20: =Skor_Dimensi!N6 | I20: =Skor_Dimensi!N7 | J20: =Skor_Dimensi!N8 | K20: =Skor_Dimensi!N9 | L20: =Skor_Dimensi!N10 | M20: =QPI_Inti!N6
B21: =_xlfn.IFERROR(RANK(QPI_Inti!O4,QPI_Inti!E4:Y4,0),"") | C21: =QPI_Inti!O$3 -> Kota | D21: =QPI_Inti!O4 | E21: =QPI_Inti!O5 | F21: =Skor_Dimensi!O4 | G21: =Skor_Dimensi!O5 | H21: =Skor_Dimensi!O6 | I21: =Skor_Dimensi!O7 | J21: =Skor_Dimensi!O8 | K21: =Skor_Dimensi!O9 | L21: =Skor_Dimensi!O10 | M21: =QPI_Inti!O6
B22: =_xlfn.IFERROR(RANK(QPI_Inti!P4,QPI_Inti!E4:Y4,0),"") | C22: =QPI_Inti!P$3 -> Baru | D22: =QPI_Inti!P4 | E22: =QPI_Inti!P5 | F22: =Skor_Dimensi!P4 | G22: =Skor_Dimensi!P5 | H22: =Skor_Dimensi!P6 | I22: =Skor_Dimensi!P7 | J22: =Skor_Dimensi!P8 | K22: =Skor_Dimensi!P9 | L22: =Skor_Dimensi!P10 | M22: =QPI_Inti!P6
B23: =_xlfn.IFERROR(RANK(QPI_Inti!Q4,QPI_Inti!E4:Y4,0),"") | C23: =QPI_Inti!Q$3 -> Johor | D23: =QPI_Inti!Q4 | E23: =QPI_Inti!Q5 | F23: =Skor_Dimensi!Q4 | G23: =Skor_Dimensi!Q5 | H23: =Skor_Dimensi!Q6 | I23: =Skor_Dimensi!Q7 | J23: =Skor_Dimensi!Q8 | K23: =Skor_Dimensi!Q9 | L23: =Skor_Dimensi!Q10 | M23: =QPI_Inti!Q6
B24: =_xlfn.IFERROR(RANK(QPI_Inti!R4,QPI_Inti!E4:Y4,0),"") | C24: =QPI_Inti!R$3 -> Denai | D24: =QPI_Inti!R4 | E24: =QPI_Inti!R5 | F24: =Skor_Dimensi!R4 | G24: =Skor_Dimensi!R5 | H24: =Skor_Dimensi!R6 | I24: =Skor_Dimensi!R7 | J24: =Skor_Dimensi!R8 | K24: =Skor_Dimensi!R9 | L24: =Skor_Dimensi!R10 | M24: =QPI_Inti!R6
B25: =_xlfn.IFERROR(RANK(QPI_Inti!S4,QPI_Inti!E4:Y4,0),"") | C25: =QPI_Inti!S$3 -> Labuhan | D25: =QPI_Inti!S4 | E25: =QPI_Inti!S5 | F25: =Skor_Dimensi!S4 | G25: =Skor_Dimensi!S5 | H25: =Skor_Dimensi!S6 | I25: =Skor_Dimensi!S7 | J25: =Skor_Dimensi!S8 | K25: =Skor_Dimensi!S9 | L25: =Skor_Dimensi!S10 | M25: =QPI_Inti!S6
B26: =_xlfn.IFERROR(RANK(QPI_Inti!T4,QPI_Inti!E4:Y4,0),"") | C26: =QPI_Inti!T$3 -> Timur | D26: =QPI_Inti!T4 | E26: =QPI_Inti!T5 | F26: =Skor_Dimensi!T4 | G26: =Skor_Dimensi!T5 | H26: =Skor_Dimensi!T6 | I26: =Skor_Dimensi!T7 | J26: =Skor_Dimensi!T8 | K26: =Skor_Dimensi!T9 | L26: =Skor_Dimensi!T10 | M26: =QPI_Inti!T6
B27: =_xlfn.IFERROR(RANK(QPI_Inti!U4,QPI_Inti!E4:Y4,0),"") | C27: =QPI_Inti!U$3 -> Barat | D27: =QPI_Inti!U4 | E27: =QPI_Inti!U5 | F27: =Skor_Dimensi!U4 | G27: =Skor_Dimensi!U5 | H27: =Skor_Dimensi!U6 | I27: =Skor_Dimensi!U7 | J27: =Skor_Dimensi!U8 | K27: =Skor_Dimensi!U9 | L27: =Skor_Dimensi!U10 | M27: =QPI_Inti!U6
B28: =_xlfn.IFERROR(RANK(QPI_Inti!V4,QPI_Inti!E4:Y4,0),"") | C28: =QPI_Inti!V$3 -> Helvetia | D28: =QPI_Inti!V4 | E28: =QPI_Inti!V5 | F28: =Skor_Dimensi!V4 | G28: =Skor_Dimensi!V5 | H28: =Skor_Dimensi!V6 | I28: =Skor_Dimensi!V7 | J28: =Skor_Dimensi!V8 | K28: =Skor_Dimensi!V9 | L28: =Skor_Dimensi!V10 | M28: =QPI_Inti!V6
B29: =_xlfn.IFERROR(RANK(QPI_Inti!W4,QPI_Inti!E4:Y4,0),"") | C29: =QPI_Inti!W$3 -> Sunggal | D29: =QPI_Inti!W4 | E29: =QPI_Inti!W5 | F29: =Skor_Dimensi!W4 | G29: =Skor_Dimensi!W5 | H29: =Skor_Dimensi!W6 | I29: =Skor_Dimensi!W7 | J29: =Skor_Dimensi!W8 | K29: =Skor_Dimensi!W9 | L29: =Skor_Dimensi!W10 | M29: =QPI_Inti!W6
B30: =_xlfn.IFERROR(RANK(QPI_Inti!X4,QPI_Inti!E4:Y4,0),"") | C30: =QPI_Inti!X$3 -> Maimun | D30: =QPI_Inti!X4 | E30: =QPI_Inti!X5 | F30: =Skor_Dimensi!X4 | G30: =Skor_Dimensi!X5 | H30: =Skor_Dimensi!X6 | I30: =Skor_Dimensi!X7 | J30: =Skor_Dimensi!X8 | K30: =Skor_Dimensi!X9 | L30: =Skor_Dimensi!X10 | M30: =QPI_Inti!X6
B31: =_xlfn.IFERROR(RANK(QPI_Inti!Y4,QPI_Inti!E4:Y4,0),"") | C31: =QPI_Inti!Y$3 -> Petisah | D31: =QPI_Inti!Y4 | E31: =QPI_Inti!Y5 | F31: =Skor_Dimensi!Y4 | G31: =Skor_Dimensi!Y5 | H31: =Skor_Dimensi!Y6 | I31: =Skor_Dimensi!Y7 | J31: =Skor_Dimensi!Y8 | K31: =Skor_Dimensi!Y9 | L31: =Skor_Dimensi!Y10 | M31: =QPI_Inti!Y6
B34: 10 SUB-ITEM KOTA YANG PALING PERLU DIBENAHI | H34: 5 SUB-VARIABEL KOTA YANG PALING PERLU DIPERHATIKAN
B35: # | C35: Kode | D35: Kuesioner | E35: Skor | H35: # | I35: Sub-Variabel | J35: Kuesioner | K35: Dimensi | L35: Skor
B36: 1 | C36: =_xlfn.IFERROR(INDEX(Master_Item!$D$3:$D$105,MATCH(SMALL(Master_Item!$G$3:$G$105,1),Master_Item!$G$3:$G$105,0)),"") | D36: =_xlfn.IFERROR(INDEX(Master_Item!$B$3:$B$105,MATCH(SMALL(Master_Item!$G$3:$G$105,1),Master_Item!$G$3:$G$105,0)),"") | E36: =_xlfn.IFERROR(ROUND(SMALL(Master_Item!$G$3:$G$105,1),1),"") | F36: =_xlfn.IFERROR(INDEX(Master_Item!$E$3:$E$105,MATCH(SMALL(Master_Item!$G$3:$G$105,1),Master_Item!$G$3:$G$105,0)),"") | H36: 1 | I36: =_xlfn.IFERROR(INDEX(Master_SubVar!$D$3:$D$30,MATCH(SMALL(Master_SubVar!$F$3:$F$30,1),Master_SubVar!$F$3:$F$30,0)),"") | J36: =_xlfn.IFERROR(INDEX(Master_SubVar!$B$3:$B$30,MATCH(SMALL(Master_SubVar!$F$3:$F$30,1),Master_SubVar!$F$3:$F$30,0)),"") | K36: =_xlfn.IFERROR(INDEX(Master_SubVar!$C$3:$C$30,MATCH(SMALL(Master_SubVar!$F$3:$F$30,1),Master_SubVar!$F$3:$F$30,0)),"") | L36: =_xlfn.IFERROR(ROUND(SMALL(Master_SubVar!$F$3:$F$30,1),1),"")
B37: 2 | C37: =_xlfn.IFERROR(INDEX(Master_Item!$D$3:$D$105,MATCH(SMALL(Master_Item!$G$3:$G$105,2),Master_Item!$G$3:$G$105,0)),"") | D37: =_xlfn.IFERROR(INDEX(Master_Item!$B$3:$B$105,MATCH(SMALL(Master_Item!$G$3:$G$105,2),Master_Item!$G$3:$G$105,0)),"") | E37: =_xlfn.IFERROR(ROUND(SMALL(Master_Item!$G$3:$G$105,2),1),"") | F37: =_xlfn.IFERROR(INDEX(Master_Item!$E$3:$E$105,MATCH(SMALL(Master_Item!$G$3:$G$105,2),Master_Item!$G$3:$G$105,0)),"") | H37: 2 | I37: =_xlfn.IFERROR(INDEX(Master_SubVar!$D$3:$D$30,MATCH(SMALL(Master_SubVar!$F$3:$F$30,2),Master_SubVar!$F$3:$F$30,0)),"") | J37: =_xlfn.IFERROR(INDEX(Master_SubVar!$B$3:$B$30,MATCH(SMALL(Master_SubVar!$F$3:$F$30,2),Master_SubVar!$F$3:$F$30,0)),"") | K37: =_xlfn.IFERROR(INDEX(Master_SubVar!$C$3:$C$30,MATCH(SMALL(Master_SubVar!$F$3:$F$30,2),Master_SubVar!$F$3:$F$30,0)),"") | L37: =_xlfn.IFERROR(ROUND(SMALL(Master_SubVar!$F$3:$F$30,2),1),"")
B38: 3 | C38: =_xlfn.IFERROR(INDEX(Master_Item!$D$3:$D$105,MATCH(SMALL(Master_Item!$G$3:$G$105,3),Master_Item!$G$3:$G$105,0)),"") | D38: =_xlfn.IFERROR(INDEX(Master_Item!$B$3:$B$105,MATCH(SMALL(Master_Item!$G$3:$G$105,3),Master_Item!$G$3:$G$105,0)),"") | E38: =_xlfn.IFERROR(ROUND(SMALL(Master_Item!$G$3:$G$105,3),1),"") | F38: =_xlfn.IFERROR(INDEX(Master_Item!$E$3:$E$105,MATCH(SMALL(Master_Item!$G$3:$G$105,3),Master_Item!$G$3:$G$105,0)),"") | H38: 3 | I38: =_xlfn.IFERROR(INDEX(Master_SubVar!$D$3:$D$30,MATCH(SMALL(Master_SubVar!$F$3:$F$30,3),Master_SubVar!$F$3:$F$30,0)),"") | J38: =_xlfn.IFERROR(INDEX(Master_SubVar!$B$3:$B$30,MATCH(SMALL(Master_SubVar!$F$3:$F$30,3),Master_SubVar!$F$3:$F$30,0)),"") | K38: =_xlfn.IFERROR(INDEX(Master_SubVar!$C$3:$C$30,MATCH(SMALL(Master_SubVar!$F$3:$F$30,3),Master_SubVar!$F$3:$F$30,0)),"") | L38: =_xlfn.IFERROR(ROUND(SMALL(Master_SubVar!$F$3:$F$30,3),1),"")
B39: 4 | C39: =_xlfn.IFERROR(INDEX(Master_Item!$D$3:$D$105,MATCH(SMALL(Master_Item!$G$3:$G$105,4),Master_Item!$G$3:$G$105,0)),"") | D39: =_xlfn.IFERROR(INDEX(Master_Item!$B$3:$B$105,MATCH(SMALL(Master_Item!$G$3:$G$105,4),Master_Item!$G$3:$G$105,0)),"") | E39: =_xlfn.IFERROR(ROUND(SMALL(Master_Item!$G$3:$G$105,4),1),"") | F39: =_xlfn.IFERROR(INDEX(Master_Item!$E$3:$E$105,MATCH(SMALL(Master_Item!$G$3:$G$105,4),Master_Item!$G$3:$G$105,0)),"") | H39: 4 | I39: =_xlfn.IFERROR(INDEX(Master_SubVar!$D$3:$D$30,MATCH(SMALL(Master_SubVar!$F$3:$F$30,4),Master_SubVar!$F$3:$F$30,0)),"") | J39: =_xlfn.IFERROR(INDEX(Master_SubVar!$B$3:$B$30,MATCH(SMALL(Master_SubVar!$F$3:$F$30,4),Master_SubVar!$F$3:$F$30,0)),"") | K39: =_xlfn.IFERROR(INDEX(Master_SubVar!$C$3:$C$30,MATCH(SMALL(Master_SubVar!$F$3:$F$30,4),Master_SubVar!$F$3:$F$30,0)),"") | L39: =_xlfn.IFERROR(ROUND(SMALL(Master_SubVar!$F$3:$F$30,4),1),"")
B40: 5 | C40: =_xlfn.IFERROR(INDEX(Master_Item!$D$3:$D$105,MATCH(SMALL(Master_Item!$G$3:$G$105,5),Master_Item!$G$3:$G$105,0)),"") | D40: =_xlfn.IFERROR(INDEX(Master_Item!$B$3:$B$105,MATCH(SMALL(Master_Item!$G$3:$G$105,5),Master_Item!$G$3:$G$105,0)),"") | E40: =_xlfn.IFERROR(ROUND(SMALL(Master_Item!$G$3:$G$105,5),1),"") | F40: =_xlfn.IFERROR(INDEX(Master_Item!$E$3:$E$105,MATCH(SMALL(Master_Item!$G$3:$G$105,5),Master_Item!$G$3:$G$105,0)),"") | H40: 5 | I40: =_xlfn.IFERROR(INDEX(Master_SubVar!$D$3:$D$30,MATCH(SMALL(Master_SubVar!$F$3:$F$30,5),Master_SubVar!$F$3:$F$30,0)),"") | J40: =_xlfn.IFERROR(INDEX(Master_SubVar!$B$3:$B$30,MATCH(SMALL(Master_SubVar!$F$3:$F$30,5),Master_SubVar!$F$3:$F$30,0)),"") | K40: =_xlfn.IFERROR(INDEX(Master_SubVar!$C$3:$C$30,MATCH(SMALL(Master_SubVar!$F$3:$F$30,5),Master_SubVar!$F$3:$F$30,0)),"") | L40: =_xlfn.IFERROR(ROUND(SMALL(Master_SubVar!$F$3:$F$30,5),1),"")
B41: 6 | C41: =_xlfn.IFERROR(INDEX(Master_Item!$D$3:$D$105,MATCH(SMALL(Master_Item!$G$3:$G$105,6),Master_Item!$G$3:$G$105,0)),"") | D41: =_xlfn.IFERROR(INDEX(Master_Item!$B$3:$B$105,MATCH(SMALL(Master_Item!$G$3:$G$105,6),Master_Item!$G$3:$G$105,0)),"") | E41: =_xlfn.IFERROR(ROUND(SMALL(Master_Item!$G$3:$G$105,6),1),"") | F41: =_xlfn.IFERROR(INDEX(Master_Item!$E$3:$E$105,MATCH(SMALL(Master_Item!$G$3:$G$105,6),Master_Item!$G$3:$G$105,0)),"")
B42: 7 | C42: =_xlfn.IFERROR(INDEX(Master_Item!$D$3:$D$105,MATCH(SMALL(Master_Item!$G$3:$G$105,7),Master_Item!$G$3:$G$105,0)),"") | D42: =_xlfn.IFERROR(INDEX(Master_Item!$B$3:$B$105,MATCH(SMALL(Master_Item!$G$3:$G$105,7),Master_Item!$G$3:$G$105,0)),"") | E42: =_xlfn.IFERROR(ROUND(SMALL(Master_Item!$G$3:$G$105,7),1),"") | F42: =_xlfn.IFERROR(INDEX(Master_Item!$E$3:$E$105,MATCH(SMALL(Master_Item!$G$3:$G$105,7),Master_Item!$G$3:$G$105,0)),"")
B43: 8 | C43: =_xlfn.IFERROR(INDEX(Master_Item!$D$3:$D$105,MATCH(SMALL(Master_Item!$G$3:$G$105,8),Master_Item!$G$3:$G$105,0)),"") | D43: =_xlfn.IFERROR(INDEX(Master_Item!$B$3:$B$105,MATCH(SMALL(Master_Item!$G$3:$G$105,8),Master_Item!$G$3:$G$105,0)),"") | E43: =_xlfn.IFERROR(ROUND(SMALL(Master_Item!$G$3:$G$105,8),1),"") | F43: =_xlfn.IFERROR(INDEX(Master_Item!$E$3:$E$105,MATCH(SMALL(Master_Item!$G$3:$G$105,8),Master_Item!$G$3:$G$105,0)),"")
B44: 9 | C44: =_xlfn.IFERROR(INDEX(Master_Item!$D$3:$D$105,MATCH(SMALL(Master_Item!$G$3:$G$105,9),Master_Item!$G$3:$G$105,0)),"") | D44: =_xlfn.IFERROR(INDEX(Master_Item!$B$3:$B$105,MATCH(SMALL(Master_Item!$G$3:$G$105,9),Master_Item!$G$3:$G$105,0)),"") | E44: =_xlfn.IFERROR(ROUND(SMALL(Master_Item!$G$3:$G$105,9),1),"") | F44: =_xlfn.IFERROR(INDEX(Master_Item!$E$3:$E$105,MATCH(SMALL(Master_Item!$G$3:$G$105,9),Master_Item!$G$3:$G$105,0)),"")
B45: 10 | C45: =_xlfn.IFERROR(INDEX(Master_Item!$D$3:$D$105,MATCH(SMALL(Master_Item!$G$3:$G$105,10),Master_Item!$G$3:$G$105,0)),"") | D45: =_xlfn.IFERROR(INDEX(Master_Item!$B$3:$B$105,MATCH(SMALL(Master_Item!$G$3:$G$105,10),Master_Item!$G$3:$G$105,0)),"") | E45: =_xlfn.IFERROR(ROUND(SMALL(Master_Item!$G$3:$G$105,10),1),"") | F45: =_xlfn.IFERROR(INDEX(Master_Item!$E$3:$E$105,MATCH(SMALL(Master_Item!$G$3:$G$105,10),Master_Item!$G$3:$G$105,0)),"")
B47: Kategori: Sangat Baik >=85 | Baik 75-<85 | Cukup 65-<75 | Perlu Perbaikan 50-<65 | Kritis <50 | Floor aktif = salah satu D1-D5 di bawah ambang floor (lihat sheet Parameter) | Warna merah->kuning->hijau = skor rendah->tinggi

Sheet Panduan
B2: PANDUAN PENGGUNAAN DASHBOARD QPI CHECKLIST GUTTMAN 2026
B4: 1. Struktur File
B5: Sheet Cek_A s.d. Cek_F : tempat pengisian data lapangan. Tiap sheet mewakili satu kuesioner (A-F). Baris = 103 indikator induk beserta 5 sub-item Guttman turunannya; kolom = 21 kecamatan Kota Medan. Kolom putih pada baris sub-item (a-e) adalah satu-satunya sel yang perlu diisi manual (dropdown Ya/Tidak).
B6: Sheet Skor_Dimensi : menghitung otomatis skor D1-D7 per kecamatan (kolom) dari hasil Cek_A..Cek_F.
B7: Sheet QPI_Inti : menghitung otomatis QPI Inti, kategori, dan status floor per kecamatan (kolom).
B8: Sheet Master_Item / Master_SubVar : rekap seluruh 103 item dan 28 sub-variabel x skor per kecamatan, dipakai Dashboard untuk mencari sub-item/sub-variabel yang paling lemah se-kota.
B9: Sheet Dashboard : ringkasan visual — KPI kota, peringkat 21 kecamatan, 10 sub-item & 5 sub-variabel yang paling perlu dibenahi.
B10: Sheet Parameter : bobot dimensi inti, ambang kategori, ambang floor, daftar kecamatan — semua dapat diedit.
B12: 2. Cara Mengisi Data
B13: Buka sheet Cek_A. Untuk setiap indikator (baris berwarna biru muda, mis. A1) terdapat 5 baris sub-item di bawahnya (A1a-A1e). Pada tiap baris sub-item, pilih 'Ya' atau 'Tidak' dari dropdown pada kolom kecamatan yang sesuai. Ulangi untuk sheet Cek_B s.d. Cek_F. Baris 'Skor' indikator (biru muda) dan baris 'SKOR SUB-VARIABEL' (kuning emas) akan otomatis terisi begitu 5 sub-item lengkap diisi.
B15: 3. Cara Membaca Hasil
B16: Begitu data di Cek_A..Cek_F terisi, buka sheet Dashboard. Kartu KPI di bagian atas menunjukkan ringkasan kota. Tabel peringkat menunjukkan QPI Inti dan D1-D7 tiap kecamatan dengan warna merah (rendah) - kuning - hijau (tinggi). Dua tabel di bawahnya menunjukkan 10 sub-item checklist dan 5 sub-variabel dengan skor rata-rata kota terendah — inilah yang paling perlu dibenahi lebih dulu.
... B33: File dashboard ini (.xlsx) — implementasi rumus tsb dalam satu workbook yang saling terhubung.

Sheet Parameter
A1: PARAMETER & PENGATURAN PERHITUNGAN
B3: Bobot Dimensi Inti QPI (D1-D5) — dapat diedit, QPI_Inti otomatis menyesuaikan
B4: D1 - Kepuasan Masyarakat (Kuesioner A) | C4: 0.26190476
B5: D2 - Tata Kelola / Good Governance (Kuesioner C) | C5: 0.14285714
B6: D3 - Proses Bisnis Internal Aparatur (Kuesioner B) | C6: 0.26190476
B7: D4 - Kematangan Digital / SPBE (Kuesioner D + B-SDM) | C7: 0.26190476
B8: D5 - Anggaran & Efisiensi Keuangan (Kuesioner B) | C8: 0.071428571
B9: Total bobot (harus = 1.0000) | C9: =SUM(C4:C8) -> 1
B11: Ambang Kategori QPI Inti & Floor Nonkompensatori
B12: Sangat Baik, jika QPI Inti >= | C12: 85
B13: Baik, jika QPI Inti >= | C13: 75
B14: Cukup, jika QPI Inti >= | C14: 65
B15: Perlu Perbaikan, jika QPI Inti >= | C15: 50
B16: Kritis, jika QPI Inti < baris di atas
B17: Ambang Floor Nonkompensatori (min. tiap dimensi D1-D5) | C17: 50 | D17: Jika salah satu dari D1-D5 < ambang floor ini, kategori kecamatan otomatis dibatasi maksimum 'Perlu Perbaikan' walaupun QPI Inti tertimbang masih tinggi (prinsip non-compensatory floor).
B19: Daftar 21 Kecamatan Kota Medan (basis urutan kolom seluruh sheet)
B20: 1 | C20: Medan Tembung
B21: 2 | C21: Medan Belawan
B22: 3 | C22: Medan Marelan
B23: 4 | C23: Medan Amplas
B24: 5 | C24: Medan Perjuangan
B25: 6 | C25: Medan Deli
B26: 7 | C26: Medan Tuntungan
B27: 8 | C27: Medan Selayang
B28: 9 | C28: Medan Polonia
B29: 10 | C29: Medan Area
B30: 11 | C30: Medan Kota
B31: 12 | C31: Medan Baru
... B40: 21 | C40: Medan Petisah
B42: Catatan Pemetaan Dimensi (lihat sheet Panduan untuk penjelasan lengkap)
B43: • D1 = seluruh Kuesioner A (Servqual Kepuasan Masyarakat)
B44: • D2 = seluruh Kuesioner C (Tata Kelola & Good Governance)
B45: • D3 = Kuesioner B, subvar Proses Bisnis Internal Persampahan + Adminduk (B1-B10)
B46: • D4 = Kuesioner D (Kematangan Digital, 10 item) digabung dengan Kuesioner B subvar SDM & Literasi Digital (B11-B13), tertimbang bobot asli masing-masing
B47: • D5 = Kuesioner B, subvar Anggaran & Efisiensi (B14-B15)
B48: • D6 = seluruh Kuesioner E (Modul Tematik PKH Makmur) — tidak masuk QPI Inti, ditampilkan terpisah
B49: • D7 = seluruh Kuesioner F (Modul Tematik Ketertiban Umum) — tidak masuk QPI Inti, ditampilkan terpisah

Sheet Cek_A
A1: CEK_A — KUESIONER A — KEPUASAN MASYARAKAT / SERVQUAL (DIMENSI D1)
A2: Skala asli instrumen: 1–5 (Ekspektasi & Persepsi). Isi kolom kecamatan (Ya/Tidak) pada baris sub-item (a-e) di bawah tiap indikator induk. Baris 'Skor' & 'SKOR SUBVAR'/'SKOR BLOK' terisi otomatis.
A3: No | B3: Kode | C3: Pernyataan / Uraian Indikator | D3: Bobot Asli (%) | E3: Tembung | F3: Belawan | G3: Marelan | H3: Amplas | I3: Perjuangan | J3: Deli | K3: Tuntungan | L3: Selayang | M3: Polonia | N3: Area | O3: Kota | P3: Baru | Q3: Johor | R3: Denai | S3: Labuhan | T3: Timur | U3: Barat | V3: Helvetia | W3: Sunggal | X3: Maimun | Y3: Petisah | Z3: Rata-rata Kota
A4: SUB-VARIABEL: A. TANGIBLES — Bukti Fisik Sarana & Fasilitas Layanan [D1]
B5: A1 | C5: Kondisi fisik kantor kecamatan/kelurahan: kebersihan, kerapian, dan kenyamanan ruang tunggu pelayanan | D5: 4 | E5: =IF(COUNTA(E6:E10)=0,"",COUNTIF(E6:E10,"Ya")/5*100) | F5: =IF(COUNTA(F6:F10)=0,"",COUNTIF(F6:F10,"Ya")/5*100) | G5: =IF(COUNTA(G6:G10)=0,"",COUNTIF(G6:G10,"Ya")/5*100) | H5: =IF(COUNTA(H6:H10)=0,"",COUNTIF(H6:H10,"Ya")/5*100) | I5: =IF(COUNTA(I6:I10)=0,"",COUNTIF(I6:I10,"Ya")/5*100) | J5: =IF(COUNTA(J6:J10)=0,"",COUNTIF(J6:J10,"Ya")/5*100) | K5: =IF(COUNTA(K6:K10)=0,"",COUNTIF(K6:K10,"Ya")/5*100) | L5: =IF(COUNTA(L6:L10)=0,"",COUNTIF(L6:L10,"Ya")/5*100) | ... Y5: =IF(COUNTA(Y6:Y10)=0,"",COUNTIF(Y6:Y10,"Ya")/5*100) | Z5: =_xlfn.IFERROR(AVERAGE(E5:Y5),"")
B6: A1a | C6: Ruang tunggu pelayanan tersedia dan dapat diakses warga tanpa hambatan
B7: A1b | C7: Ruang tunggu terlihat bersih, bebas sampah dan debu pada saat kunjungan
B8: A1c | C8: Kursi/tempat duduk tersedia dalam jumlah cukup dan tertata rapi
B9: A1d | C9: Ruang tunggu memiliki penerangan dan sirkulasi udara yang memadai (kipas angin/AC/ventilasi berfungsi)
B10: A1e | C10: Tersedia jadwal/petugas piket kebersihan ruang tunggu yang terdokumentasi dan dilaksanakan rutin
B11: A2 | C11: Ketersediaan & kelayakan TPS/Bank Sampah di kelurahan sebagai titik pengumpulan: container/bak tertutup, kapasitas memadai, tidak menimbulkan bau ke permukiman | D11: 4 | E11: =IF(COUNTA(E12:E16)=0,"",COUNTIF(E12:E16,"Ya")/5*100) | F11: =IF(COUNTA(F12:F16)=0,"",COUNTIF(F12:F16,"Ya")/5*100) | G11: =IF(COUNTA(G12:G16)=0,"",COUNTIF(G12:G16,"Ya")/5*100) | H11: =IF(COUNTA(H12:H16)=0,"",COUNTIF(H12:H16,"Ya")/5*100) | I11: =IF(COUNTA(I12:I16)=0,"",COUNTIF(I12:I16,"Ya")/5*100) | J11: =IF(COUNTA(J12:J16)=0,"",COUNTIF(J12:J16,"Ya")/5*100) | K11: =IF(COUNTA(K12:K16)=0,"",COUNTIF(K12:K16,"Ya")/5*100) | L11: =IF(COUNTA(L12:L16)=0,"",COUNTIF(L12:L16,"Ya")/5*100) | ... Y11: =IF(COUNTA(Y12:Y16)=0,"",COUNTIF(Y12:Y16,"Ya")/5*100) | Z11: =_xlfn.IFERROR(AVERAGE(E11:Y11),"")
B12: A2a | C12: TPS/Bank Sampah tersedia secara fisik di kelurahan
B13: A2b | C13: Container/bak sampah dalam kondisi tertutup, bukan terbuka atau tercecer
B14: A2c | C14: Kapasitas TPS memadai untuk menampung volume sampah harian tanpa meluap
B15: A2d | C15: Tidak tercium bau menyengat yang mengganggu permukiman di sekitar TPS saat kunjungan
B16: A2e | C16: TPS memiliki jadwal pengosongan/pembersihan rutin yang terdokumentasi dan dipatuhi
B17: A3 | C17: Kondisi & kelengkapan armada truk pengangkut sampah yang beroperasi di wilayah permukiman (layak pakai, tertutup, tidak berceceran) | D17: 4 | E17: =IF(COUNTA(E18:E22)=0,"",COUNTIF(E18:E22,"Ya")/5*100) | F17: =IF(COUNTA(F18:F22)=0,"",COUNTIF(F18:F22,"Ya")/5*100) | G17: =IF(COUNTA(G18:G22)=0,"",COUNTIF(G18:G22,"Ya")/5*100) | H17: =IF(COUNTA(H18:H22)=0,"",COUNTIF(H18:H22,"Ya")/5*100) | I17: =IF(COUNTA(I18:I22)=0,"",COUNTIF(I18:I22,"Ya")/5*100) | J17: =IF(COUNTA(J18:J22)=0,"",COUNTIF(J18:J22,"Ya")/5*100) | K17: =IF(COUNTA(K18:K22)=0,"",COUNTIF(K18:K22,"Ya")/5*100) | L17: =IF(COUNTA(L18:L22)=0,"",COUNTIF(L18:L22,"Ya")/5*100) | ... Y17: =IF(COUNTA(Y18:Y22)=0,"",COUNTIF(Y18:Y22,"Ya")/5*100) | Z17: =_xlfn.IFERROR(AVERAGE(E17:Y17),"")
B18: A3a | C18: Armada truk pengangkut sampah tersedia dan beroperasi di wilayah permukiman
B19: A3b | C19: Kondisi fisik truk layak jalan, tidak rusak berat/mogok saat beroperasi
B20: A3c | C20: Bak muatan truk tertutup terpal/penutup selama pengangkutan
B21: A3d | C21: Tidak ditemukan sampah berceceran di sepanjang rute pengangkutan
B22: A3e | C22: Armada memiliki catatan perawatan/pemeriksaan berkala yang terdokumentasi
B23: A4 | C23: Ketersediaan papan informasi jadwal pengangkutan sampah & lokasi TPS di tingkat RT/RW/kelurahan | D23: 4 | E23: =IF(COUNTA(E24:E28)=0,"",COUNTIF(E24:E28,"Ya")/5*100) | F23: =IF(COUNTA(F24:F28)=0,"",COUNTIF(F24:F28,"Ya")/5*100) | G23: =IF(COUNTA(G24:G28)=0,"",COUNTIF(G24:G28,"Ya")/5*100) | H23: =IF(COUNTA(H24:H28)=0,"",COUNTIF(H24:H28,"Ya")/5*100) | I23: =IF(COUNTA(I24:I28)=0,"",COUNTIF(I24:I28,"Ya")/5*100) | J23: =IF(COUNTA(J24:J28)=0,"",COUNTIF(J24:J28,"Ya")/5*100) | K23: =IF(COUNTA(K24:K28)=0,"",COUNTIF(K24:K28,"Ya")/5*100) | L23: =IF(COUNTA(L24:L28)=0,"",COUNTIF(L24:L28,"Ya")/5*100) | ... Y23: =IF(COUNTA(Y24:Y28)=0,"",COUNTIF(Y24:Y28,"Ya")/5*100) | Z23: =_xlfn.IFERROR(AVERAGE(E23:Y23),"")
B24: A4a | C24: Papan informasi jadwal pengangkutan sampah tersedia secara fisik di titik strategis
B25: A4b | C25: Informasi lokasi TPS tercantum jelas dan dapat dibaca warga
B26: A4c | C26: Isi informasi pada papan sesuai dengan jadwal aktual yang berlaku, tidak kedaluwarsa
B27: A4d | C27: Papan informasi terpasang di lebih dari satu titik (RT/RW/kelurahan) yang mudah dijangkau warga
B28: A4e | C28: Papan informasi diperbarui secara berkala dengan bukti tanggal pemutakhiran
B29: A5 | C29: Ketersediaan papan informasi layanan adminduk (prosedur SIBISA, jadwal jemput bola, persyaratan dokumen) di kantor kecamatan | D29: 4 | E29: =IF(COUNTA(E30:E34)=0,"",COUNTIF(E30:E34,"Ya")/5*100) | F29: =IF(COUNTA(F30:F34)=0,"",COUNTIF(F30:F34,"Ya")/5*100) | G29: =IF(COUNTA(G30:G34)=0,"",COUNTIF(G30:G34,"Ya")/5*100) | H29: =IF(COUNTA(H30:H34)=0,"",COUNTIF(H30:H34,"Ya")/5*100) | I29: =IF(COUNTA(I30:I34)=0,"",COUNTIF(I30:I34,"Ya")/5*100) | J29: =IF(COUNTA(J30:J34)=0,"",COUNTIF(J30:J34,"Ya")/5*100) | K29: =IF(COUNTA(K30:K34)=0,"",COUNTIF(K30:K34,"Ya")/5*100) | L29: =IF(COUNTA(L30:L34)=0,"",COUNTIF(L30:L34,"Ya")/5*100) | ... Y29: =IF(COUNTA(Y30:Y34)=0,"",COUNTIF(Y30:Y34,"Ya")/5*100) | Z29: =_xlfn.IFERROR(AVERAGE(E29:Y29),"")
B30: A5a | C30: Papan/media informasi layanan adminduk tersedia di kantor kecamatan
B31: A5b | C31: Prosedur permohonan SIBISA tercantum secara lengkap dan mudah dipahami
B32: A5c | C32: Persyaratan dokumen untuk tiap jenis layanan (KTP-el, KK, akta, KIA) dicantumkan rinci
B33: A5d | C33: Jadwal layanan jemput bola tercantum dan sesuai dengan pelaksanaan aktual
B34: A5e | C34: Informasi diperbarui berkala dan tersedia juga dalam bentuk digital (website/medsos/WA) yang sinkron dengan papan fisik
C35: SKOR SUB-VARIABEL: Tangibles | D35: 20 | E35: =IF((IF(ISNUMBER(E5),4,0)+IF(ISNUMBER(E11),4,0)+IF(ISNUMBER(E17),4,0)+IF(ISNUMBER(E23),4,0)+IF(ISNUMBER(E29),4,0))=0,"",(IF(ISNUMBER(E5),E5*4,0)+IF(ISNUMBER(E11),E11*4,0)+IF(ISNUMBER(E17),E17*4,0)+IF(ISNUMBER(E23),E23*4,0)+IF(ISNUMBER(E29),E29*4,0))/(IF(ISNUMBER(E5),4,0)+IF(ISNUMBER(E11),4,0)+IF(ISNUMBER(E17),4,0)+IF(ISNUMBER(E23),4,0)+IF(ISNUMBER(E29),4,0))) | F35: =IF((IF(ISNUMBER(F5),4,0)+IF(ISNUMBER(F11),4,0)+IF(ISNUMBER(F17),4,0)+IF(ISNUMBER(F23),4,0)+IF(ISNUMBER(F29),4,0))=0,"",(IF(ISNUMBER(F5),F5*4,0)+IF(ISNUMBER(F11),F11*4,0)+IF(ISNUMBER(F17),F17*4,0)+IF(ISNUMBER(F23),F23*4,0)+IF(ISNUMBER(F29),F29*4,0))/(IF(ISNUMBER(F5),4,0)+IF(ISNUMBER(F11),4,0)+IF(ISNUMBER(F17),4,0)+IF(ISNUMBER(F23),4,0)+IF(ISNUMBER(F29),4,0))) | G35: =IF((IF(ISNUMBER(G5),4,0)+IF(ISNUMBER(G11),4,0)+IF(ISNUMBER(G17),4,0)+IF(ISNUMBER(G23),4,0)+IF(ISNUMBER(G29),4,0))=0,"",(IF(ISNUMBER(G5),G5*4,0)+IF(ISNUMBER(G11),G11*4,0)+IF(ISNUMBER(G17),G17*4,0)+IF(ISNUMBER(G23),G23*4,0)+IF(ISNUMBER(G29),G29*4,0))/(IF(ISNUMBER(G5),4,0)+IF(ISNUMBER(G11),4,0)+IF(ISNUMBER(G17),4,0)+IF(ISNUMBER(G23),4,0)+IF(ISNUMBER(G29),4,0))) | H35: =IF((IF(ISNUMBER(H5),4,0)+IF(ISNUMBER(H11),4,0)+IF(ISNUMBER(H17),4,0)+IF(ISNUMBER(H23),4,0)+IF(ISNUMBER(H29),4,0))=0,"",(IF(ISNUMBER(H5),H5*4,0)+IF(ISNUMBER(H11),H11*4,0)+IF(ISNUMBER(H17),H17*4,0)+IF(ISNUMBER(H23),H23*4,0)+IF(ISNUMBER(H29),H29*4,0))/(IF(ISNUMBER(H5),4,0)+IF(ISNUMBER(H11),4,0)+IF(ISNUMBER(H17),4,0)+IF(ISNUMBER(H23),4,0)+IF(ISNUMBER(H29),4,0))) | I35: =IF((IF(ISNUMBER(I5),4,0)+IF(ISNUMBER(I11),4,0)+IF(ISNUMBER(I17),4,0)+IF(ISNUMBER(I23),4,0)+IF(ISNUMBER(I29),4,0))=0,"",(IF(ISNUMBER(I5),I5*4,0)+IF(ISNUMBER(I11),I11*4,0)+IF(ISNUMBER(I17),I17*4,0)+IF(ISNUMBER(I23),I23*4,0)+IF(ISNUMBER(I29),I29*4,0))/(IF(ISNUMBER(I5),4,0)+IF(ISNUMBER(I11),4,0)+IF(ISNUMBER(I17),4,0)+IF(ISNUMBER(I23),4,0)+IF(ISNUMBER(I29),4,0))) | J35: =IF((IF(ISNUMBER(J5),4,0)+IF(ISNUMBER(J11),4,0)+IF(ISNUMBER(J17),4,0)+IF(ISNUMBER(J23),4,0)+IF(ISNUMBER(J29),4,0))=0,"",(IF(ISNUMBER(J5),J5*4,0)+IF(ISNUMBER(J11),J11*4,0)+IF(ISNUMBER(J17),J17*4,0)+IF(ISNUMBER(J23),J23*4,0)+IF(ISNUMBER(J29),J29*4,0))/(IF(ISNUMBER(J5),4,0)+IF(ISNUMBER(J11),4,0)+IF(ISNUMBER(J17),4,0)+IF(ISNUMBER(J23),4,0)+IF(ISNUMBER(J29),4,0))) | K35: =IF((IF(ISNUMBER(K5),4,0)+IF(ISNUMBER(K11),4,0)+IF(ISNUMBER(K17),4,0)+IF(ISNUMBER(K23),4,0)+IF(ISNUMBER(K29),4,0))=0,"",(IF(ISNUMBER(K5),K5*4,0)+IF(ISNUMBER(K11),K11*4,0)+IF(ISNUMBER(K17),K17*4,0)+IF(ISNUMBER(K23),K23*4,0)+IF(ISNUMBER(K29),K29*4,0))/(IF(ISNUMBER(K5),4,0)+IF(ISNUMBER(K11),4,0)+IF(ISNUMBER(K17),4,0)+IF(ISNUMBER(K23),4,0)+IF(ISNUMBER(K29),4,0))) | L35: =IF((IF(ISNUMBER(L5),4,0)+IF(ISNUMBER(L11),4,0)+IF(ISNUMBER(L17),4,0)+IF(ISNUMBER(L23),4,0)+IF(ISNUMBER(L29),4,0))=0,"",(IF(ISNUMBER(L5),L5*4,0)+IF(ISNUMBER(L11),L11*4,0)+IF(ISNUMBER(L17),L17*4,0)+IF(ISNUMBER(L23),L23*4,0)+IF(ISNUMBER(L29),L29*4,0))/(IF(ISNUMBER(L5),4,0)+IF(ISNUMBER(L11),4,0)+IF(ISNUMBER(L17),4,0)+IF(ISNUMBER(L23),4,0)+IF(ISNUMBER(L29),4,0))) | ... Y35: =IF((IF(ISNUMBER(Y5),4,0)+IF(ISNUMBER(Y11),4,0)+IF(ISNUMBER(Y17),4,0)+IF(ISNUMBER(Y23),4,0)+IF(ISNUMBER(Y29),4,0))=0,"",(IF(ISNUMBER(Y5),Y5*4,0)+IF(ISNUMBER(Y11),Y11*4,0)+IF(ISNUMBER(Y17),Y17*4,0)+IF(ISNUMBER(Y23),Y23*4,0)+IF(ISNUMBER(Y29),Y29*4,0))/(IF(ISNUMBER(Y5),4,0)+IF(ISNUMBER(Y11),4,0)+IF(ISNUMBER(Y17),4,0)+IF(ISNUMBER(Y23),4,0)+IF(ISNUMBER(Y29),4,0))) | Z35: =_xlfn.IFERROR(AVERAGE(E35:Y35),"")
A36: SUB-VARIABEL: B. RELIABILITY — Keandalan & Konsistensi Layanan [D1]
B37: B1 | C37: Ketepatan jadwal pengangkutan sampah dari TPS/Bank Sampah menuju TPA sesuai rute dan jadwal yang ditetapkan | D37: 4 | E37: =IF(COUNTA(E38:E42)=0,"",COUNTIF(E38:E42,"Ya")/5*100) | F37: =IF(COUNTA(F38:F42)=0,"",COUNTIF(F38:F42,"Ya")/5*100) | G37: =IF(COUNTA(G38:G42)=0,"",COUNTIF(G38:G42,"Ya")/5*100) | H37: =IF(COUNTA(H38:H42)=0,"",COUNTIF(H38:H42,"Ya")/5*100) | I37: =IF(COUNTA(I38:I42)=0,"",COUNTIF(I38:I42,"Ya")/5*100) | J37: =IF(COUNTA(J38:J42)=0,"",COUNTIF(J38:J42,"Ya")/5*100) | K37: =IF(COUNTA(K38:K42)=0,"",COUNTIF(K38:K42,"Ya")/5*100) | L37: =IF(COUNTA(L38:L42)=0,"",COUNTIF(L38:L42,"Ya")/5*100) | ... Y37: =IF(COUNTA(Y38:Y42)=0,"",COUNTIF(Y38:Y42,"Ya")/5*100) | Z37: =_xlfn.IFERROR(AVERAGE(E37:Y37),"")
B38: B1a | C38: Jadwal pengangkutan sampah dari TPS ke TPA telah ditetapkan secara tertulis
B39: B1b | C39: Armada datang ke TPS sesuai hari yang dijadwalkan dalam 1 minggu terakhir
B40: B1c | C40: Armada datang sesuai rentang waktu (jam) yang dijadwalkan, bukan hanya harinya
B41: B1d | C41: Rute pengangkutan diikuti secara konsisten tanpa TPS yang terlewat
B42: B1e | C42: Tersedia log/catatan pengangkutan (waktu datang-pergi) yang terdokumentasi sebagai bukti kepatuhan jadwal
B43: B2 | C43: TPS/Bank Sampah beroperasi konsisten setiap hari sehingga warga dapat membuang sampah kapan pun dibutuhkan | D43: 4 | E43: =IF(COUNTA(E44:E48)=0,"",COUNTIF(E44:E48,"Ya")/5*100) | F43: =IF(COUNTA(F44:F48)=0,"",COUNTIF(F44:F48,"Ya")/5*100) | G43: =IF(COUNTA(G44:G48)=0,"",COUNTIF(G44:G48,"Ya")/5*100) | H43: =IF(COUNTA(H44:H48)=0,"",COUNTIF(H44:H48,"Ya")/5*100) | I43: =IF(COUNTA(I44:I48)=0,"",COUNTIF(I44:I48,"Ya")/5*100) | J43: =IF(COUNTA(J44:J48)=0,"",COUNTIF(J44:J48,"Ya")/5*100) | K43: =IF(COUNTA(K44:K48)=0,"",COUNTIF(K44:K48,"Ya")/5*100) | L43: =IF(COUNTA(L44:L48)=0,"",COUNTIF(L44:L48,"Ya")/5*100) | ... Y43: =IF(COUNTA(Y44:Y48)=0,"",COUNTIF(Y44:Y48,"Ya")/5*100) | Z43: =_xlfn.IFERROR(AVERAGE(E43:Y43),"")
B44: B2a | C44: TPS/Bank Sampah buka/dapat diakses warga setiap hari dalam seminggu
B45: B2b | C45: Tidak ditemukan TPS terkunci/tertutup tanpa pemberitahuan pada jam operasional
B46: B2c | C46: Petugas/penjaga TPS hadir sesuai jam operasional yang ditetapkan
B47: B2d | C47: TPS tetap dapat digunakan warga meski di luar jam kerja kantor kecamatan (mis. malam/akhir pekan)
B48: B2e | C48: Tersedia mekanisme pelaporan bila TPS tidak beroperasi, dan direspons dalam waktu wajar
B49: B3 | C49: Keandalan aplikasi SIBISA dalam memproses permohonan dokumen kependudukan secara online (tidak error, mudah diakses) | D49: 4 | E49: =IF(COUNTA(E50:E54)=0,"",COUNTIF(E50:E54,"Ya")/5*100) | F49: =IF(COUNTA(F50:F54)=0,"",COUNTIF(F50:F54,"Ya")/5*100) | G49: =IF(COUNTA(G50:G54)=0,"",COUNTIF(G50:G54,"Ya")/5*100) | H49: =IF(COUNTA(H50:H54)=0,"",COUNTIF(H50:H54,"Ya")/5*100) | I49: =IF(COUNTA(I50:I54)=0,"",COUNTIF(I50:I54,"Ya")/5*100) | J49: =IF(COUNTA(J50:J54)=0,"",COUNTIF(J50:J54,"Ya")/5*100) | K49: =IF(COUNTA(K50:K54)=0,"",COUNTIF(K50:K54,"Ya")/5*100) | L49: =IF(COUNTA(L50:L54)=0,"",COUNTIF(L50:L54,"Ya")/5*100) | ... Y49: =IF(COUNTA(Y50:Y54)=0,"",COUNTIF(Y50:Y54,"Ya")/5*100) | Z49: =_xlfn.IFERROR(AVERAGE(E49:Y49),"")
B50: B3a | C50: Aplikasi/website SIBISA dapat diakses warga menggunakan perangkat umum (HP/komputer)
B51: B3b | C51: Warga berhasil melakukan login/registrasi tanpa kendala teknis berulang
B52: B3c | C52: Proses pengajuan permohonan dapat diselesaikan tanpa error sistem pada saat uji coba
B53: B3d | C53: Status permohonan dapat dipantau secara real-time oleh pemohon
B54: B3e | C54: Tersedia catatan uptime/gangguan sistem SIBISA yang menunjukkan tingkat keandalan terukur
B55: B4 | C55: Ketepatan waktu penerbitan dokumen kependudukan (KTP-el, KK, Akta Kelahiran, KIA) sesuai SOP yang berlaku | D55: 4 | E55: =IF(COUNTA(E56:E60)=0,"",COUNTIF(E56:E60,"Ya")/5*100) | F55: =IF(COUNTA(F56:F60)=0,"",COUNTIF(F56:F60,"Ya")/5*100) | G55: =IF(COUNTA(G56:G60)=0,"",COUNTIF(G56:G60,"Ya")/5*100) | H55: =IF(COUNTA(H56:H60)=0,"",COUNTIF(H56:H60,"Ya")/5*100) | I55: =IF(COUNTA(I56:I60)=0,"",COUNTIF(I56:I60,"Ya")/5*100) | J55: =IF(COUNTA(J56:J60)=0,"",COUNTIF(J56:J60,"Ya")/5*100) | K55: =IF(COUNTA(K56:K60)=0,"",COUNTIF(K56:K60,"Ya")/5*100) | L55: =IF(COUNTA(L56:L60)=0,"",COUNTIF(L56:L60,"Ya")/5*100) | ... Y55: =IF(COUNTA(Y56:Y60)=0,"",COUNTIF(Y56:Y60,"Ya")/5*100) | Z55: =_xlfn.IFERROR(AVERAGE(E55:Y55),"")
B56: B4a | C56: SOP tertulis mengenai lama waktu penerbitan tiap jenis dokumen tersedia
B57: B4b | C57: Dokumen yang diuji sampel diterbitkan dalam batas waktu SOP
B58: B4c | C58: Tidak ditemukan dokumen yang tertunda melebihi batas waktu SOP tanpa alasan tercatat
B59: B4d | C59: Pemohon menerima notifikasi/informasi bila terjadi keterlambatan
B60: B4e | C60: Tersedia rekapitulasi/log waktu proses seluruh dokumen yang dapat diverifikasi
B61: B5 | C61: Konsistensi pelaksanaan layanan jemput bola adminduk ke kelurahan sesuai jadwal yang diumumkan kepada warga | D61: 4 | E61: =IF(COUNTA(E62:E66)=0,"",COUNTIF(E62:E66,"Ya")/5*100) | F61: =IF(COUNTA(F62:F66)=0,"",COUNTIF(F62:F66,"Ya")/5*100) | G61: =IF(COUNTA(G62:G66)=0,"",COUNTIF(G62:G66,"Ya")/5*100) | H61: =IF(COUNTA(H62:H66)=0,"",COUNTIF(H62:H66,"Ya")/5*100) | I61: =IF(COUNTA(I62:I66)=0,"",COUNTIF(I62:I66,"Ya")/5*100) | J61: =IF(COUNTA(J62:J66)=0,"",COUNTIF(J62:J66,"Ya")/5*100) | K61: =IF(COUNTA(K62:K66)=0,"",COUNTIF(K62:K66,"Ya")/5*100) | L61: =IF(COUNTA(L62:L66)=0,"",COUNTIF(L62:L66,"Ya")/5*100) | ... Y61: =IF(COUNTA(Y62:Y66)=0,"",COUNTIF(Y62:Y66,"Ya")/5*100) | Z61: =_xlfn.IFERROR(AVERAGE(E61:Y61),"")
B62: B5a | C62: Jadwal jemput bola adminduk ke kelurahan telah ditetapkan dan diumumkan
B63: B5b | C63: Layanan jemput bola benar-benar dilaksanakan pada tanggal yang diumumkan (bulan terakhir)
B64: B5c | C64: Petugas yang hadir sesuai dengan kompetensi, dapat memproses dokumen di lokasi
B65: B5d | C65: Layanan dilaksanakan di seluruh kelurahan sesuai jadwal, tidak ada kelurahan yang terlewat
B66: B5e | C66: Tersedia dokumentasi/laporan kehadiran & hasil tiap pelaksanaan jemput bola
C67: SKOR SUB-VARIABEL: Reliability | D67: 20 | E67: =IF((IF(ISNUMBER(E37),4,0)+IF(ISNUMBER(E43),4,0)+IF(ISNUMBER(E49),4,0)+IF(ISNUMBER(E55),4,0)+IF(ISNUMBER(E61),4,0))=0,"",(IF(ISNUMBER(E37),E37*4,0)+IF(ISNUMBER(E43),E43*4,0)+IF(ISNUMBER(E49),E49*4,0)+IF(ISNUMBER(E55),E55*4,0)+IF(ISNUMBER(E61),E61*4,0))/(IF(ISNUMBER(E37),4,0)+IF(ISNUMBER(E43),4,0)+IF(ISNUMBER(E49),4,0)+IF(ISNUMBER(E55),4,0)+IF(ISNUMBER(E61),4,0))) | F67: =IF((IF(ISNUMBER(F37),4,0)+IF(ISNUMBER(F43),4,0)+IF(ISNUMBER(F49),4,0)+IF(ISNUMBER(F55),4,0)+IF(ISNUMBER(F61),4,0))=0,"",(IF(ISNUMBER(F37),F37*4,0)+IF(ISNUMBER(F43),F43*4,0)+IF(ISNUMBER(F49),F49*4,0)+IF(ISNUMBER(F55),F55*4,0)+IF(ISNUMBER(F61),F61*4,0))/(IF(ISNUMBER(F37),4,0)+IF(ISNUMBER(F43),4,0)+IF(ISNUMBER(F49),4,0)+IF(ISNUMBER(F55),4,0)+IF(ISNUMBER(F61),4,0))) | G67: =IF((IF(ISNUMBER(G37),4,0)+IF(ISNUMBER(G43),4,0)+IF(ISNUMBER(G49),4,0)+IF(ISNUMBER(G55),4,0)+IF(ISNUMBER(G61),4,0))=0,"",(IF(ISNUMBER(G37),G37*4,0)+IF(ISNUMBER(G43),G43*4,0)+IF(ISNUMBER(G49),G49*4,0)+IF(ISNUMBER(G55),G55*4,0)+IF(ISNUMBER(G61),G61*4,0))/(IF(ISNUMBER(G37),4,0)+IF(ISNUMBER(G43),4,0)+IF(ISNUMBER(G49),4,0)+IF(ISNUMBER(G55),4,0)+IF(ISNUMBER(G61),4,0))) | H67: =IF((IF(ISNUMBER(H37),4,0)+IF(ISNUMBER(H43),4,0)+IF(ISNUMBER(H49),4,0)+IF(ISNUMBER(H55),4,0)+IF(ISNUMBER(H61),4,0))=0,"",(IF(ISNUMBER(H37),H37*4,0)+IF(ISNUMBER(H43),H43*4,0)+IF(ISNUMBER(H49),H49*4,0)+IF(ISNUMBER(H55),H55*4,0)+IF(ISNUMBER(H61),H61*4,0))/(IF(ISNUMBER(H37),4,0)+IF(ISNUMBER(H43),4,0)+IF(ISNUMBER(H49),4,0)+IF(ISNUMBER(H55),4,0)+IF(ISNUMBER(H61),4,0))) | I67: =IF((IF(ISNUMBER(I37),4,0)+IF(ISNUMBER(I43),4,0)+IF(ISNUMBER(I49),4,0)+IF(ISNUMBER(I55),4,0)+IF(ISNUMBER(I61),4,0))=0,"",(IF(ISNUMBER(I37),I37*4,0)+IF(ISNUMBER(I43),I43*4,0)+IF(ISNUMBER(I49),I49*4,0)+IF(ISNUMBER(I55),I55*4,0)+IF(ISNUMBER(I61),I61*4,0))/(IF(ISNUMBER(I37),4,0)+IF(ISNUMBER(I43),4,0)+IF(ISNUMBER(I49),4,0)+IF(ISNUMBER(I55),4,0)+IF(ISNUMBER(I61),4,0))) | J67: =IF((IF(ISNUMBER(J37),4,0)+IF(ISNUMBER(J43),4,0)+IF(ISNUMBER(J49),4,0)+IF(ISNUMBER(J55),4,0)+IF(ISNUMBER(J61),4,0))=0,"",(IF(ISNUMBER(J37),J37*4,0)+IF(ISNUMBER(J43),J43*4,0)+IF(ISNUMBER(J49),J49*4,0)+IF(ISNUMBER(J55),J55*4,0)+IF(ISNUMBER(J61),J61*4,0))/(IF(ISNUMBER(J37),4,0)+IF(ISNUMBER(J43),4,0)+IF(ISNUMBER(J49),4,0)+IF(ISNUMBER(J55),4,0)+IF(ISNUMBER(J61),4,0))) | K67: =IF((IF(ISNUMBER(K37),4,0)+IF(ISNUMBER(K43),4,0)+IF(ISNUMBER(K49),4,0)+IF(ISNUMBER(K55),4,0)+IF(ISNUMBER(K61),4,0))=0,"",(IF(ISNUMBER(K37),K37*4,0)+IF(ISNUMBER(K43),K43*4,0)+IF(ISNUMBER(K49),K49*4,0)+IF(ISNUMBER(K55),K55*4,0)+IF(ISNUMBER(K61),K61*4,0))/(IF(ISNUMBER(K37),4,0)+IF(ISNUMBER(K43),4,0)+IF(ISNUMBER(K49),4,0)+IF(ISNUMBER(K55),4,0)+IF(ISNUMBER(K61),4,0))) | L67: =IF((IF(ISNUMBER(L37),4,0)+IF(ISNUMBER(L43),4,0)+IF(ISNUMBER(L49),4,0)+IF(ISNUMBER(L55),4,0)+IF(ISNUMBER(L61),4,0))=0,"",(IF(ISNUMBER(L37),L37*4,0)+IF(ISNUMBER(L43),L43*4,0)+IF(ISNUMBER(L49),L49*4,0)+IF(ISNUMBER(L55),L55*4,0)+IF(ISNUMBER(L61),L61*4,0))/(IF(ISNUMBER(L37),4,0)+IF(ISNUMBER(L43),4,0)+IF(ISNUMBER(L49),4,0)+IF(ISNUMBER(L55),4,0)+IF(ISNUMBER(L61),4,0))) | ... Y67: =IF((IF(ISNUMBER(Y37),4,0)+IF(ISNUMBER(Y43),4,0)+IF(ISNUMBER(Y49),4,0)+IF(ISNUMBER(Y55),4,0)+IF(ISNUMBER(Y61),4,0))=0,"",(IF(ISNUMBER(Y37),Y37*4,0)+IF(ISNUMBER(Y43),Y43*4,0)+IF(ISNUMBER(Y49),Y49*4,0)+IF(ISNUMBER(Y55),Y55*4,0)+IF(ISNUMBER(Y61),Y61*4,0))/(IF(ISNUMBER(Y37),4,0)+IF(ISNUMBER(Y43),4,0)+IF(ISNUMBER(Y49),4,0)+IF(ISNUMBER(Y55),4,0)+IF(ISNUMBER(Y61),4,0))) | Z67: =_xlfn.IFERROR(AVERAGE(E67:Y67),"")
A68: SUB-VARIABEL: C. RESPONSIVENESS — Ketanggapan & Kecepatan Respons [D1]
B69: C1 | C69: Kecepatan petugas merespons laporan warga saat TPS/Bank Sampah penuh/meluap sebelum jadwal pengangkutan tiba | D69: 4 | E69: =IF(COUNTA(E70:E74)=0,"",COUNTIF(E70:E74,"Ya")/5*100) | F69: =IF(COUNTA(F70:F74)=0,"",COUNTIF(F70:F74,"Ya")/5*100) | G69: =IF(COUNTA(G70:G74)=0,"",COUNTIF(G70:G74,"Ya")/5*100) | H69: =IF(COUNTA(H70:H74)=0,"",COUNTIF(H70:H74,"Ya")/5*100) | I69: =IF(COUNTA(I70:I74)=0,"",COUNTIF(I70:I74,"Ya")/5*100) | J69: =IF(COUNTA(J70:J74)=0,"",COUNTIF(J70:J74,"Ya")/5*100) | K69: =IF(COUNTA(K70:K74)=0,"",COUNTIF(K70:K74,"Ya")/5*100) | L69: =IF(COUNTA(L70:L74)=0,"",COUNTIF(L70:L74,"Ya")/5*100) | ... Y69: =IF(COUNTA(Y70:Y74)=0,"",COUNTIF(Y70:Y74,"Ya")/5*100) | Z69: =_xlfn.IFERROR(AVERAGE(E69:Y69),"")
B70: C1a | C70: Tersedia saluran/kontak untuk warga melaporkan TPS penuh/meluap
B71: C1b | C71: Laporan warga direspons oleh petugas dalam waktu paling lambat 1×24 jam
B72: C1c | C72: Tindakan lapangan (pengangkutan tambahan/pembersihan) dilakukan setelah laporan diterima
B73: C1d | C73: Tidak ditemukan kasus TPS meluap yang dibiarkan lebih dari 2 hari tanpa tindak lanjut
B74: C1e | C74: Tersedia log pengaduan dan tindak lanjut yang terdokumentasi untuk setiap laporan TPS meluap
B75: C2 | C75: Kecepatan petugas menindaklanjuti keluhan warga apabila truk pengangkut tidak datang sesuai jadwal | D75: 4 | E75: =IF(COUNTA(E76:E80)=0,"",COUNTIF(E76:E80,"Ya")/5*100) | F75: =IF(COUNTA(F76:F80)=0,"",COUNTIF(F76:F80,"Ya")/5*100) | G75: =IF(COUNTA(G76:G80)=0,"",COUNTIF(G76:G80,"Ya")/5*100) | H75: =IF(COUNTA(H76:H80)=0,"",COUNTIF(H76:H80,"Ya")/5*100) | I75: =IF(COUNTA(I76:I80)=0,"",COUNTIF(I76:I80,"Ya")/5*100) | J75: =IF(COUNTA(J76:J80)=0,"",COUNTIF(J76:J80,"Ya")/5*100) | K75: =IF(COUNTA(K76:K80)=0,"",COUNTIF(K76:K80,"Ya")/5*100) | L75: =IF(COUNTA(L76:L80)=0,"",COUNTIF(L76:L80,"Ya")/5*100) | ... Y75: =IF(COUNTA(Y76:Y80)=0,"",COUNTIF(Y76:Y80,"Ya")/5*100) | Z75: =_xlfn.IFERROR(AVERAGE(E75:Y75),"")
B76: C2a | C76: Tersedia saluran resmi bagi warga untuk melaporkan truk yang tidak datang
B77: C2b | C77: Keluhan diterima dan dicatat oleh petugas yang berwenang
B78: C2c | C78: Petugas memberikan konfirmasi/tindak lanjut kepada pelapor dalam paling lambat 1×24 jam
B79: C2d | C79: Armada pengganti/susulan dikirim pada hari yang sama atau keesokan harinya
B80: C2e | C80: Tersedia rekap keluhan & penyelesaian yang dapat ditelusuri
B81: C3 | C81: Kesigapan pelaksanaan operasi bersih-bersih (gotong royong) rutin di lingkungan permukiman sesuai jadwal (min. 2x/bulan) | D81: 4 | E81: =IF(COUNTA(E82:E86)=0,"",COUNTIF(E82:E86,"Ya")/5*100) | F81: =IF(COUNTA(F82:F86)=0,"",COUNTIF(F82:F86,"Ya")/5*100) | G81: =IF(COUNTA(G82:G86)=0,"",COUNTIF(G82:G86,"Ya")/5*100) | H81: =IF(COUNTA(H82:H86)=0,"",COUNTIF(H82:H86,"Ya")/5*100) | I81: =IF(COUNTA(I82:I86)=0,"",COUNTIF(I82:I86,"Ya")/5*100) | J81: =IF(COUNTA(J82:J86)=0,"",COUNTIF(J82:J86,"Ya")/5*100) | K81: =IF(COUNTA(K82:K86)=0,"",COUNTIF(K82:K86,"Ya")/5*100) | L81: =IF(COUNTA(L82:L86)=0,"",COUNTIF(L82:L86,"Ya")/5*100) | ... Y81: =IF(COUNTA(Y82:Y86)=0,"",COUNTIF(Y82:Y86,"Ya")/5*100) | Z81: =_xlfn.IFERROR(AVERAGE(E81:Y81),"")
B82: C3a | C82: Jadwal gotong royong rutin telah ditetapkan minimal 2 kali per bulan
B83: C3b | C83: Kegiatan gotong royong benar-benar dilaksanakan sesuai jadwal pada bulan terakhir
B84: C3c | C84: Aparatur kecamatan/kelurahan turut hadir memobilisasi kegiatan
B85: C3d | C85: Frekuensi pelaksanaan mencapai atau melebihi target 2x/bulan secara konsisten dalam 3 bulan terakhir
B86: C3e | C86: Tersedia dokumentasi (foto/absensi/laporan) untuk setiap pelaksanaan gotong royong
B87: C4 | C87: Kecepatan pengurusan dokumen kependudukan melalui layanan jemput bola keliling (warga tidak perlu antri lama) | D87: 4 | E87: =IF(COUNTA(E88:E92)=0,"",COUNTIF(E88:E92,"Ya")/5*100) | F87: =IF(COUNTA(F88:F92)=0,"",COUNTIF(F88:F92,"Ya")/5*100) | G87: =IF(COUNTA(G88:G92)=0,"",COUNTIF(G88:G92,"Ya")/5*100) | H87: =IF(COUNTA(H88:H92)=0,"",COUNTIF(H88:H92,"Ya")/5*100) | I87: =IF(COUNTA(I88:I92)=0,"",COUNTIF(I88:I92,"Ya")/5*100) | J87: =IF(COUNTA(J88:J92)=0,"",COUNTIF(J88:J92,"Ya")/5*100) | K87: =IF(COUNTA(K88:K92)=0,"",COUNTIF(K88:K92,"Ya")/5*100) | L87: =IF(COUNTA(L88:L92)=0,"",COUNTIF(L88:L92,"Ya")/5*100) | ... Y87: =IF(COUNTA(Y88:Y92)=0,"",COUNTIF(Y88:Y92,"Ya")/5*100) | Z87: =_xlfn.IFERROR(AVERAGE(E87:Y87),"")
B88: C4a | C88: Warga dapat mengurus dokumen langsung di lokasi jemput bola tanpa harus kembali ke kantor kecamatan
B89: C4b | C89: Waktu tunggu/antrian warga di lokasi jemput bola tercatat dan dipantau
B90: C4c | C90: Rata-rata waktu layanan per warga berada dalam batas wajar (mis. maksimal 15 menit) berdasarkan pengamatan
B91: C4d | C91: Tidak ditemukan antrian yang tidak terlayani hingga sesi jemput bola berakhir
B92: C4e | C92: Tersedia sistem nomor antrian/pencatatan untuk menjamin kecepatan dan keadilan layanan
B93: C5 | C93: Kecepatan respons helpdesk SIBISA dalam membantu warga yang mengalami kendala permohonan online | D93: 4 | E93: =IF(COUNTA(E94:E98)=0,"",COUNTIF(E94:E98,"Ya")/5*100) | F93: =IF(COUNTA(F94:F98)=0,"",COUNTIF(F94:F98,"Ya")/5*100) | G93: =IF(COUNTA(G94:G98)=0,"",COUNTIF(G94:G98,"Ya")/5*100) | H93: =IF(COUNTA(H94:H98)=0,"",COUNTIF(H94:H98,"Ya")/5*100) | I93: =IF(COUNTA(I94:I98)=0,"",COUNTIF(I94:I98,"Ya")/5*100) | J93: =IF(COUNTA(J94:J98)=0,"",COUNTIF(J94:J98,"Ya")/5*100) | K93: =IF(COUNTA(K94:K98)=0,"",COUNTIF(K94:K98,"Ya")/5*100) | L93: =IF(COUNTA(L94:L98)=0,"",COUNTIF(L94:L98,"Ya")/5*100) | ... Y93: =IF(COUNTA(Y94:Y98)=0,"",COUNTIF(Y94:Y98,"Ya")/5*100) | Z93: =_xlfn.IFERROR(AVERAGE(E93:Y93),"")
B94: C5a | C94: Tersedia kontak/kanal helpdesk SIBISA yang dapat dihubungi warga (telepon/WA/email)
B95: C5b | C95: Helpdesk merespons pertanyaan/kendala warga dalam paling lambat 1×24 jam kerja
B96: C5c | C96: Petugas helpdesk mampu menyelesaikan kendala teknis dasar tanpa eskalasi berlarut
B97: C5d | C97: Tersedia FAQ/panduan troubleshooting yang mudah diakses warga secara mandiri
B98: C5e | C98: Tersedia log tiket bantuan & waktu penyelesaian yang terdokumentasi dan dapat dievaluasi
C99: SKOR SUB-VARIABEL: Responsiveness | D99: 20 | E99: =IF((IF(ISNUMBER(E69),4,0)+IF(ISNUMBER(E75),4,0)+IF(ISNUMBER(E81),4,0)+IF(ISNUMBER(E87),4,0)+IF(ISNUMBER(E93),4,0))=0,"",(IF(ISNUMBER(E69),E69*4,0)+IF(ISNUMBER(E75),E75*4,0)+IF(ISNUMBER(E81),E81*4,0)+IF(ISNUMBER(E87),E87*4,0)+IF(ISNUMBER(E93),E93*4,0))/(IF(ISNUMBER(E69),4,0)+IF(ISNUMBER(E75),4,0)+IF(ISNUMBER(E81),4,0)+IF(ISNUMBER(E87),4,0)+IF(ISNUMBER(E93),4,0))) | F99: =IF((IF(ISNUMBER(F69),4,0)+IF(ISNUMBER(F75),4,0)+IF(ISNUMBER(F81),4,0)+IF(ISNUMBER(F87),4,0)+IF(ISNUMBER(F93),4,0))=0,"",(IF(ISNUMBER(F69),F69*4,0)+IF(ISNUMBER(F75),F75*4,0)+IF(ISNUMBER(F81),F81*4,0)+IF(ISNUMBER(F87),F87*4,0)+IF(ISNUMBER(F93),F93*4,0))/(IF(ISNUMBER(F69),4,0)+IF(ISNUMBER(F75),4,0)+IF(ISNUMBER(F81),4,0)+IF(ISNUMBER(F87),4,0)+IF(ISNUMBER(F93),4,0))) | G99: =IF((IF(ISNUMBER(G69),4,0)+IF(ISNUMBER(G75),4,0)+IF(ISNUMBER(G81),4,0)+IF(ISNUMBER(G87),4,0)+IF(ISNUMBER(G93),4,0))=0,"",(IF(ISNUMBER(G69),G69*4,0)+IF(ISNUMBER(G75),G75*4,0)+IF(ISNUMBER(G81),G81*4,0)+IF(ISNUMBER(G87),G87*4,0)+IF(ISNUMBER(G93),G93*4,0))/(IF(ISNUMBER(G69),4,0)+IF(ISNUMBER(G75),4,0)+IF(ISNUMBER(G81),4,0)+IF(ISNUMBER(G87),4,0)+IF(ISNUMBER(G93),4,0))) | H99: =IF((IF(ISNUMBER(H69),4,0)+IF(ISNUMBER(H75),4,0)+IF(ISNUMBER(H81),4,0)+IF(ISNUMBER(H87),4,0)+IF(ISNUMBER(H93),4,0))=0,"",(IF(ISNUMBER(H69),H69*4,0)+IF(ISNUMBER(H75),H75*4,0)+IF(ISNUMBER(H81),H81*4,0)+IF(ISNUMBER(H87),H87*4,0)+IF(ISNUMBER(H93),H93*4,0))/(IF(ISNUMBER(H69),4,0)+IF(ISNUMBER(H75),4,0)+IF(ISNUMBER(H81),4,0)+IF(ISNUMBER(H87),4,0)+IF(ISNUMBER(H93),4,0))) | I99: =IF((IF(ISNUMBER(I69),4,0)+IF(ISNUMBER(I75),4,0)+IF(ISNUMBER(I81),4,0)+IF(ISNUMBER(I87),4,0)+IF(ISNUMBER(I93),4,0))=0,"",(IF(ISNUMBER(I69),I69*4,0)+IF(ISNUMBER(I75),I75*4,0)+IF(ISNUMBER(I81),I81*4,0)+IF(ISNUMBER(I87),I87*4,0)+IF(ISNUMBER(I93),I93*4,0))/(IF(ISNUMBER(I69),4,0)+IF(ISNUMBER(I75),4,0)+IF(ISNUMBER(I81),4,0)+IF(ISNUMBER(I87),4,0)+IF(ISNUMBER(I93),4,0))) | J99: =IF((IF(ISNUMBER(J69),4,0)+IF(ISNUMBER(J75),4,0)+IF(ISNUMBER(J81),4,0)+IF(ISNUMBER(J87),4,0)+IF(ISNUMBER(J93),4,0))=0,"",(IF(ISNUMBER(J69),J69*4,0)+IF(ISNUMBER(J75),J75*4,0)+IF(ISNUMBER(J81),J81*4,0)+IF(ISNUMBER(J87),J87*4,0)+IF(ISNUMBER(J93),J93*4,0))/(IF(ISNUMBER(J69),4,0)+IF(ISNUMBER(J75),4,0)+IF(ISNUMBER(J81),4,0)+IF(ISNUMBER(J87),4,0)+IF(ISNUMBER(J93),4,0))) | K99: =IF((IF(ISNUMBER(K69),4,0)+IF(ISNUMBER(K75),4,0)+IF(ISNUMBER(K81),4,0)+IF(ISNUMBER(K87),4,0)+IF(ISNUMBER(K93),4,0))=0,"",(IF(ISNUMBER(K69),K69*4,0)+IF(ISNUMBER(K75),K75*4,0)+IF(ISNUMBER(K81),K81*4,0)+IF(ISNUMBER(K87),K87*4,0)+IF(ISNUMBER(K93),K93*4,0))/(IF(ISNUMBER(K69),4,0)+IF(ISNUMBER(K75),4,0)+IF(ISNUMBER(K81),4,0)+IF(ISNUMBER(K87),4,0)+IF(ISNUMBER(K93),4,0))) | L99: =IF((IF(ISNUMBER(L69),4,0)+IF(ISNUMBER(L75),4,0)+IF(ISNUMBER(L81),4,0)+IF(ISNUMBER(L87),4,0)+IF(ISNUMBER(L93),4,0))=0,"",(IF(ISNUMBER(L69),L69*4,0)+IF(ISNUMBER(L75),L75*4,0)+IF(ISNUMBER(L81),L81*4,0)+IF(ISNUMBER(L87),L87*4,0)+IF(ISNUMBER(L93),L93*4,0))/(IF(ISNUMBER(L69),4,0)+IF(ISNUMBER(L75),4,0)+IF(ISNUMBER(L81),4,0)+IF(ISNUMBER(L87),4,0)+IF(ISNUMBER(L93),4,0))) | ... Y99: =IF((IF(ISNUMBER(Y69),4,0)+IF(ISNUMBER(Y75),4,0)+IF(ISNUMBER(Y81),4,0)+IF(ISNUMBER(Y87),4,0)+IF(ISNUMBER(Y93),4,0))=0,"",(IF(ISNUMBER(Y69),Y69*4,0)+IF(ISNUMBER(Y75),Y75*4,0)+IF(ISNUMBER(Y81),Y81*4,0)+IF(ISNUMBER(Y87),Y87*4,0)+IF(ISNUMBER(Y93),Y93*4,0))/(IF(ISNUMBER(Y69),4,0)+IF(ISNUMBER(Y75),4,0)+IF(ISNUMBER(Y81),4,0)+IF(ISNUMBER(Y87),4,0)+IF(ISNUMBER(Y93),4,0))) | Z99: =_xlfn.IFERROR(AVERAGE(E99:Y99),"")
A100: SUB-VARIABEL: D. ASSURANCE — Jaminan Kompetensi, Keamanan & Kepercayaan [D1]
...

Sheet Cek_B
A1: CEK_B — KUESIONER B — KINERJA INTERNAL APARATUR / BSC (DIMENSI D3, D4, D5)
A2: Skala asli instrumen: 1–5. Isi kolom kecamatan (Ya/Tidak) pada baris sub-item (a-e) di bawah tiap indikator induk. Baris 'Skor' & 'SKOR SUBVAR'/'SKOR BLOK' terisi otomatis.
A3: No | B3: Kode | C3: Pernyataan / Uraian Indikator | D3: Bobot Asli (%) | E3: Tembung | F3: Belawan | G3: Marelan | H3: Amplas | I3: Perjuangan | J3: Deli | K3: Tuntungan | L3: Selayang | M3: Polonia | N3: Area | O3: Kota | P3: Baru | Q3: Johor | R3: Denai | S3: Labuhan | T3: Timur | U3: Barat | V3: Helvetia | W3: Sunggal | X3: Maimun | Y3: Petisah | Z3: Rata-rata Kota
A4: SUB-VARIABEL: Perspektif Proses Bisnis Internal — Program Persampahan [D3]
B5: B1 | C5: Kecamatan telah menetapkan dan mengoperasikan TPS/Bank Sampah di setiap kelurahan (ada penjaga/petugas, jadwal operasional, kapasitas memadai) | D5: 7 | E5: =IF(COUNTA(E6:E10)=0,"",COUNTIF(E6:E10,"Ya")/5*100) | F5: =IF(COUNTA(F6:F10)=0,"",COUNTIF(F6:F10,"Ya")/5*100) | G5: =IF(COUNTA(G6:G10)=0,"",COUNTIF(G6:G10,"Ya")/5*100) | H5: =IF(COUNTA(H6:H10)=0,"",COUNTIF(H6:H10,"Ya")/5*100) | I5: =IF(COUNTA(I6:I10)=0,"",COUNTIF(I6:I10,"Ya")/5*100) | J5: =IF(COUNTA(J6:J10)=0,"",COUNTIF(J6:J10,"Ya")/5*100) | K5: =IF(COUNTA(K6:K10)=0,"",COUNTIF(K6:K10,"Ya")/5*100) | L5: =IF(COUNTA(L6:L10)=0,"",COUNTIF(L6:L10,"Ya")/5*100) | ... Y5: =IF(COUNTA(Y6:Y10)=0,"",COUNTIF(Y6:Y10,"Ya")/5*100) | Z5: =_xlfn.IFERROR(AVERAGE(E5:Y5),"")
B6: B1a | C6: TPS/Bank Sampah tersedia secara fisik di setiap kelurahan tanpa terkecuali
B7: B1b | C7: Setiap TPS memiliki petugas/penjaga yang ditetapkan dengan SK/penugasan resmi
B8: B1c | C8: Jadwal operasional TPS ditetapkan tertulis dan dipasang di lokasi
B9: B1d | C9: Kapasitas TPS memadai untuk volume sampah kelurahan tanpa meluap dalam kondisi normal
B10: B1e | C10: Tersedia laporan operasional TPS per kelurahan yang direkap kecamatan secara berkala
B11: B2 | C11: Kecamatan memastikan koordinasi pengangkutan dari TPS ke TPA berjalan sesuai jadwal (tidak ada akumulasi sampah > 2 hari di TPS) | D11: 7 | E11: =IF(COUNTA(E12:E16)=0,"",COUNTIF(E12:E16,"Ya")/5*100) | F11: =IF(COUNTA(F12:F16)=0,"",COUNTIF(F12:F16,"Ya")/5*100) | G11: =IF(COUNTA(G12:G16)=0,"",COUNTIF(G12:G16,"Ya")/5*100) | H11: =IF(COUNTA(H12:H16)=0,"",COUNTIF(H12:H16,"Ya")/5*100) | I11: =IF(COUNTA(I12:I16)=0,"",COUNTIF(I12:I16,"Ya")/5*100) | J11: =IF(COUNTA(J12:J16)=0,"",COUNTIF(J12:J16,"Ya")/5*100) | K11: =IF(COUNTA(K12:K16)=0,"",COUNTIF(K12:K16,"Ya")/5*100) | L11: =IF(COUNTA(L12:L16)=0,"",COUNTIF(L12:L16,"Ya")/5*100) | ... Y11: =IF(COUNTA(Y12:Y16)=0,"",COUNTIF(Y12:Y16,"Ya")/5*100) | Z11: =_xlfn.IFERROR(AVERAGE(E11:Y11),"")
B12: B2a | C12: Kecamatan memiliki mekanisme koordinasi rutin dengan pihak pengangkut sampah ke TPA
B13: B2b | C13: Jadwal pengangkutan disepakati tertulis antara kecamatan dan pihak pengangkut
B14: B2c | C14: Tidak ditemukan akumulasi sampah lebih dari 2 hari di TPS manapun pada bulan terakhir
B15: B2d | C15: Kecamatan melakukan pemantauan lapangan berkala terhadap kondisi TPS
B16: B2e | C16: Tersedia laporan koordinasi & tindak lanjut bila terjadi keterlambatan pengangkutan
B17: B3 | C17: Frekuensi penyelenggaraan operasi bersih-bersih (gotong royong) rutin di permukiman sesuai jadwal terprogram (target min. 2x/bulan) | D17: 6 | E17: =IF(COUNTA(E18:E22)=0,"",COUNTIF(E18:E22,"Ya")/5*100) | F17: =IF(COUNTA(F18:F22)=0,"",COUNTIF(F18:F22,"Ya")/5*100) | G17: =IF(COUNTA(G18:G22)=0,"",COUNTIF(G18:G22,"Ya")/5*100) | H17: =IF(COUNTA(H18:H22)=0,"",COUNTIF(H18:H22,"Ya")/5*100) | I17: =IF(COUNTA(I18:I22)=0,"",COUNTIF(I18:I22,"Ya")/5*100) | J17: =IF(COUNTA(J18:J22)=0,"",COUNTIF(J18:J22,"Ya")/5*100) | K17: =IF(COUNTA(K18:K22)=0,"",COUNTIF(K18:K22,"Ya")/5*100) | L17: =IF(COUNTA(L18:L22)=0,"",COUNTIF(L18:L22,"Ya")/5*100) | ... Y17: =IF(COUNTA(Y18:Y22)=0,"",COUNTIF(Y18:Y22,"Ya")/5*100) | Z17: =_xlfn.IFERROR(AVERAGE(E17:Y17),"")
B18: B3a | C18: Program gotong royong rutin tercantum dalam rencana kerja kecamatan/kelurahan
B19: B3b | C19: Pelaksanaan gotong royong tercatat minimal 2 kali dalam bulan terakhir
B20: B3c | C20: Frekuensi minimal 2x/bulan tersebut konsisten selama 3 bulan terakhir
B21: B3d | C21: Kegiatan melibatkan lebih dari satu kelurahan dalam wilayah kecamatan
B22: B3e | C22: Tersedia laporan/dokumentasi pelaksanaan setiap kegiatan gotong royong yang terarsip rapi
B23: B4 | C23: Tingkat optimalisasi jalur dan armada: persentase permukiman yang terlayani dari total wilayah kecamatan | D23: 7 | E23: =IF(COUNTA(E24:E28)=0,"",COUNTIF(E24:E28,"Ya")/5*100) | F23: =IF(COUNTA(F24:F28)=0,"",COUNTIF(F24:F28,"Ya")/5*100) | G23: =IF(COUNTA(G24:G28)=0,"",COUNTIF(G24:G28,"Ya")/5*100) | H23: =IF(COUNTA(H24:H28)=0,"",COUNTIF(H24:H28,"Ya")/5*100) | I23: =IF(COUNTA(I24:I28)=0,"",COUNTIF(I24:I28,"Ya")/5*100) | J23: =IF(COUNTA(J24:J28)=0,"",COUNTIF(J24:J28,"Ya")/5*100) | K23: =IF(COUNTA(K24:K28)=0,"",COUNTIF(K24:K28,"Ya")/5*100) | L23: =IF(COUNTA(L24:L28)=0,"",COUNTIF(L24:L28,"Ya")/5*100) | ... Y23: =IF(COUNTA(Y24:Y28)=0,"",COUNTIF(Y24:Y28,"Ya")/5*100) | Z23: =_xlfn.IFERROR(AVERAGE(E23:Y23),"")
B24: B4a | C24: Kecamatan memiliki data/peta wilayah permukiman yang menjadi cakupan layanan pengangkutan sampah
B25: B4b | C25: Data persentase permukiman yang terlayani telah dihitung dan didokumentasikan
B26: B4c | C26: Persentase permukiman terlayani mencapai target minimal yang ditetapkan kebijakan kota
B27: B4d | C27: Kecamatan memiliki rencana tindak lanjut untuk wilayah yang belum terlayani
B28: B4e | C28: Data cakupan layanan diperbarui secara berkala, bukan data lama/statis
B29: B5 | C29: Frekuensi kampanye edukasi tata cara buang sampah kepada warga (target min. 1x/bulan) | D29: 6 | E29: =IF(COUNTA(E30:E34)=0,"",COUNTIF(E30:E34,"Ya")/5*100) | F29: =IF(COUNTA(F30:F34)=0,"",COUNTIF(F30:F34,"Ya")/5*100) | G29: =IF(COUNTA(G30:G34)=0,"",COUNTIF(G30:G34,"Ya")/5*100) | H29: =IF(COUNTA(H30:H34)=0,"",COUNTIF(H30:H34,"Ya")/5*100) | I29: =IF(COUNTA(I30:I34)=0,"",COUNTIF(I30:I34,"Ya")/5*100) | J29: =IF(COUNTA(J30:J34)=0,"",COUNTIF(J30:J34,"Ya")/5*100) | K29: =IF(COUNTA(K30:K34)=0,"",COUNTIF(K30:K34,"Ya")/5*100) | L29: =IF(COUNTA(L30:L34)=0,"",COUNTIF(L30:L34,"Ya")/5*100) | ... Y29: =IF(COUNTA(Y30:Y34)=0,"",COUNTIF(Y30:Y34,"Ya")/5*100) | Z29: =_xlfn.IFERROR(AVERAGE(E29:Y29),"")
B30: B5a | C30: Kecamatan memiliki program kampanye edukasi persampahan yang terjadwal
B31: B5b | C31: Kampanye edukasi terlaksana minimal 1 kali pada bulan terakhir
B32: B5c | C32: Frekuensi minimal 1x/bulan tersebut konsisten selama 3 bulan terakhir
B33: B5d | C33: Kampanye menjangkau lebih dari satu segmen warga (RT/RW/sekolah/komunitas)
B34: B5e | C34: Tersedia dokumentasi/laporan hasil setiap kampanye edukasi yang dilaksanakan
C35: SKOR SUB-VARIABEL: Proses Persampahan | D35: 33 | E35: =IF((IF(ISNUMBER(E5),7,0)+IF(ISNUMBER(E11),7,0)+IF(ISNUMBER(E17),6,0)+IF(ISNUMBER(E23),7,0)+IF(ISNUMBER(E29),6,0))=0,"",(IF(ISNUMBER(E5),E5*7,0)+IF(ISNUMBER(E11),E11*7,0)+IF(ISNUMBER(E17),E17*6,0)+IF(ISNUMBER(E23),E23*7,0)+IF(ISNUMBER(E29),E29*6,0))/(IF(ISNUMBER(E5),7,0)+IF(ISNUMBER(E11),7,0)+IF(ISNUMBER(E17),6,0)+IF(ISNUMBER(E23),7,0)+IF(ISNUMBER(E29),6,0))) | F35: =IF((IF(ISNUMBER(F5),7,0)+IF(ISNUMBER(F11),7,0)+IF(ISNUMBER(F17),6,0)+IF(ISNUMBER(F23),7,0)+IF(ISNUMBER(F29),6,0))=0,"",(IF(ISNUMBER(F5),F5*7,0)+IF(ISNUMBER(F11),F11*7,0)+IF(ISNUMBER(F17),F17*6,0)+IF(ISNUMBER(F23),F23*7,0)+IF(ISNUMBER(F29),F29*6,0))/(IF(ISNUMBER(F5),7,0)+IF(ISNUMBER(F11),7,0)+IF(ISNUMBER(F17),6,0)+IF(ISNUMBER(F23),7,0)+IF(ISNUMBER(F29),6,0))) | G35: =IF((IF(ISNUMBER(G5),7,0)+IF(ISNUMBER(G11),7,0)+IF(ISNUMBER(G17),6,0)+IF(ISNUMBER(G23),7,0)+IF(ISNUMBER(G29),6,0))=0,"",(IF(ISNUMBER(G5),G5*7,0)+IF(ISNUMBER(G11),G11*7,0)+IF(ISNUMBER(G17),G17*6,0)+IF(ISNUMBER(G23),G23*7,0)+IF(ISNUMBER(G29),G29*6,0))/(IF(ISNUMBER(G5),7,0)+IF(ISNUMBER(G11),7,0)+IF(ISNUMBER(G17),6,0)+IF(ISNUMBER(G23),7,0)+IF(ISNUMBER(G29),6,0))) | H35: =IF((IF(ISNUMBER(H5),7,0)+IF(ISNUMBER(H11),7,0)+IF(ISNUMBER(H17),6,0)+IF(ISNUMBER(H23),7,0)+IF(ISNUMBER(H29),6,0))=0,"",(IF(ISNUMBER(H5),H5*7,0)+IF(ISNUMBER(H11),H11*7,0)+IF(ISNUMBER(H17),H17*6,0)+IF(ISNUMBER(H23),H23*7,0)+IF(ISNUMBER(H29),H29*6,0))/(IF(ISNUMBER(H5),7,0)+IF(ISNUMBER(H11),7,0)+IF(ISNUMBER(H17),6,0)+IF(ISNUMBER(H23),7,0)+IF(ISNUMBER(H29),6,0))) | I35: =IF((IF(ISNUMBER(I5),7,0)+IF(ISNUMBER(I11),7,0)+IF(ISNUMBER(I17),6,0)+IF(ISNUMBER(I23),7,0)+IF(ISNUMBER(I29),6,0))=0,"",(IF(ISNUMBER(I5),I5*7,0)+IF(ISNUMBER(I11),I11*7,0)+IF(ISNUMBER(I17),I17*6,0)+IF(ISNUMBER(I23),I23*7,0)+IF(ISNUMBER(I29),I29*6,0))/(IF(ISNUMBER(I5),7,0)+IF(ISNUMBER(I11),7,0)+IF(ISNUMBER(I17),6,0)+IF(ISNUMBER(I23),7,0)+IF(ISNUMBER(I29),6,0))) | J35: =IF((IF(ISNUMBER(J5),7,0)+IF(ISNUMBER(J11),7,0)+IF(ISNUMBER(J17),6,0)+IF(ISNUMBER(J23),7,0)+IF(ISNUMBER(J29),6,0))=0,"",(IF(ISNUMBER(J5),J5*7,0)+IF(ISNUMBER(J11),J11*7,0)+IF(ISNUMBER(J17),J17*6,0)+IF(ISNUMBER(J23),J23*7,0)+IF(ISNUMBER(J29),J29*6,0))/(IF(ISNUMBER(J5),7,0)+IF(ISNUMBER(J11),7,0)+IF(ISNUMBER(J17),6,0)+IF(ISNUMBER(J23),7,0)+IF(ISNUMBER(J29),6,0))) | K35: =IF((IF(ISNUMBER(K5),7,0)+IF(ISNUMBER(K11),7,0)+IF(ISNUMBER(K17),6,0)+IF(ISNUMBER(K23),7,0)+IF(ISNUMBER(K29),6,0))=0,"",(IF(ISNUMBER(K5),K5*7,0)+IF(ISNUMBER(K11),K11*7,0)+IF(ISNUMBER(K17),K17*6,0)+IF(ISNUMBER(K23),K23*7,0)+IF(ISNUMBER(K29),K29*6,0))/(IF(ISNUMBER(K5),7,0)+IF(ISNUMBER(K11),7,0)+IF(ISNUMBER(K17),6,0)+IF(ISNUMBER(K23),7,0)+IF(ISNUMBER(K29),6,0))) | L35: =IF((IF(ISNUMBER(L5),7,0)+IF(ISNUMBER(L11),7,0)+IF(ISNUMBER(L17),6,0)+IF(ISNUMBER(L23),7,0)+IF(ISNUMBER(L29),6,0))=0,"",(IF(ISNUMBER(L5),L5*7,0)+IF(ISNUMBER(L11),L11*7,0)+IF(ISNUMBER(L17),L17*6,0)+IF(ISNUMBER(L23),L23*7,0)+IF(ISNUMBER(L29),L29*6,0))/(IF(ISNUMBER(L5),7,0)+IF(ISNUMBER(L11),7,0)+IF(ISNUMBER(L17),6,0)+IF(ISNUMBER(L23),7,0)+IF(ISNUMBER(L29),6,0))) | ... Y35: =IF((IF(ISNUMBER(Y5),7,0)+IF(ISNUMBER(Y11),7,0)+IF(ISNUMBER(Y17),6,0)+IF(ISNUMBER(Y23),7,0)+IF(ISNUMBER(Y29),6,0))=0,"",(IF(ISNUMBER(Y5),Y5*7,0)+IF(ISNUMBER(Y11),Y11*7,0)+IF(ISNUMBER(Y17),Y17*6,0)+IF(ISNUMBER(Y23),Y23*7,0)+IF(ISNUMBER(Y29),Y29*6,0))/(IF(ISNUMBER(Y5),7,0)+IF(ISNUMBER(Y11),7,0)+IF(ISNUMBER(Y17),6,0)+IF(ISNUMBER(Y23),7,0)+IF(ISNUMBER(Y29),6,0))) | Z35: =_xlfn.IFERROR(AVERAGE(E35:Y35),"")
A36: SUB-VARIABEL: Perspektif Proses Bisnis Internal — Program Adminduk [D3]
B37: B6 | C37: Kecamatan aktif mempromosikan & membimbing warga menggunakan SIBISA untuk permohonan dokumen dari rumah | D37: 6 | E37: =IF(COUNTA(E38:E42)=0,"",COUNTIF(E38:E42,"Ya")/5*100) | F37: =IF(COUNTA(F38:F42)=0,"",COUNTIF(F38:F42,"Ya")/5*100) | G37: =IF(COUNTA(G38:G42)=0,"",COUNTIF(G38:G42,"Ya")/5*100) | H37: =IF(COUNTA(H38:H42)=0,"",COUNTIF(H38:H42,"Ya")/5*100) | I37: =IF(COUNTA(I38:I42)=0,"",COUNTIF(I38:I42,"Ya")/5*100) | J37: =IF(COUNTA(J38:J42)=0,"",COUNTIF(J38:J42,"Ya")/5*100) | K37: =IF(COUNTA(K38:K42)=0,"",COUNTIF(K38:K42,"Ya")/5*100) | L37: =IF(COUNTA(L38:L42)=0,"",COUNTIF(L38:L42,"Ya")/5*100) | ... Y37: =IF(COUNTA(Y38:Y42)=0,"",COUNTIF(Y38:Y42,"Ya")/5*100) | Z37: =_xlfn.IFERROR(AVERAGE(E37:Y37),"")
B38: B6a | C38: Kecamatan memiliki materi promosi (banner/pamflet/konten) tentang penggunaan SIBISA
B39: B6b | C39: Aparatur pernah memberikan bimbingan langsung/pelatihan singkat kepada warga tentang SIBISA
B40: B6c | C40: Promosi SIBISA dilakukan melalui lebih dari satu kanal (tatap muka, medsos, RT/RW)
B41: B6d | C41: Terdapat peningkatan/data jumlah pengguna SIBISA yang tercatat dari waktu ke waktu
B42: B6e | C42: Tersedia laporan kegiatan promosi & bimbingan SIBISA yang terdokumentasi
B43: B7 | C43: Frekuensi layanan jemput bola adminduk turun ke kelurahan (target min. 2x/bulan) — sertakan jumlah dokumen diterbitkan | D43: 7 | E43: =IF(COUNTA(E44:E48)=0,"",COUNTIF(E44:E48,"Ya")/5*100) | F43: =IF(COUNTA(F44:F48)=0,"",COUNTIF(F44:F48,"Ya")/5*100) | G43: =IF(COUNTA(G44:G48)=0,"",COUNTIF(G44:G48,"Ya")/5*100) | H43: =IF(COUNTA(H44:H48)=0,"",COUNTIF(H44:H48,"Ya")/5*100) | I43: =IF(COUNTA(I44:I48)=0,"",COUNTIF(I44:I48,"Ya")/5*100) | J43: =IF(COUNTA(J44:J48)=0,"",COUNTIF(J44:J48,"Ya")/5*100) | K43: =IF(COUNTA(K44:K48)=0,"",COUNTIF(K44:K48,"Ya")/5*100) | L43: =IF(COUNTA(L44:L48)=0,"",COUNTIF(L44:L48,"Ya")/5*100) | ... Y43: =IF(COUNTA(Y44:Y48)=0,"",COUNTIF(Y44:Y48,"Ya")/5*100) | Z43: =_xlfn.IFERROR(AVERAGE(E43:Y43),"")
B44: B7a | C44: Jadwal jemput bola adminduk ke kelurahan ditetapkan tertulis
B45: B7b | C45: Pelaksanaan jemput bola tercatat minimal 2 kali pada bulan terakhir
B46: B7c | C46: Frekuensi tersebut konsisten selama 3 bulan terakhir
B47: B7d | C47: Data jumlah dokumen yang diterbitkan pada setiap sesi jemput bola tercatat
B48: B7e | C48: Laporan jemput bola (jadwal, lokasi, hasil) terdokumentasi dan dapat diverifikasi
B49: B8 | C49: Realisasi integrasi data kependudukan dengan RS/klinik di wilayah kecamatan | D49: 7 | E49: =IF(COUNTA(E50:E54)=0,"",COUNTIF(E50:E54,"Ya")/5*100) | F49: =IF(COUNTA(F50:F54)=0,"",COUNTIF(F50:F54,"Ya")/5*100) | G49: =IF(COUNTA(G50:G54)=0,"",COUNTIF(G50:G54,"Ya")/5*100) | H49: =IF(COUNTA(H50:H54)=0,"",COUNTIF(H50:H54,"Ya")/5*100) | I49: =IF(COUNTA(I50:I54)=0,"",COUNTIF(I50:I54,"Ya")/5*100) | J49: =IF(COUNTA(J50:J54)=0,"",COUNTIF(J50:J54,"Ya")/5*100) | K49: =IF(COUNTA(K50:K54)=0,"",COUNTIF(K50:K54,"Ya")/5*100) | L49: =IF(COUNTA(L50:L54)=0,"",COUNTIF(L50:L54,"Ya")/5*100) | ... Y49: =IF(COUNTA(Y50:Y54)=0,"",COUNTIF(Y50:Y54,"Ya")/5*100) | Z49: =_xlfn.IFERROR(AVERAGE(E49:Y49),"")
B50: B8a | C50: Kecamatan memiliki daftar RS/klinik di wilayahnya yang menjadi target integrasi data
B51: B8b | C51: Kesepakatan/nota kerja sama integrasi data dengan minimal satu RS/klinik telah ditandatangani
B52: B8c | C52: Sistem integrasi data dengan RS/klinik tersebut telah berjalan secara teknis, bukan sebatas MoU
B53: B8d | C53: Integrasi mencakup lebih dari satu RS/klinik di wilayah kecamatan
B54: B8e | C54: Tersedia laporan/data hasil pemanfaatan integrasi, mis. jumlah warga yang terbantu, secara berkala
B55: B9 | C55: Realisasi integrasi data kependudukan dengan sekolah & panti asuhan di wilayah kecamatan | D55: 6 | E55: =IF(COUNTA(E56:E60)=0,"",COUNTIF(E56:E60,"Ya")/5*100) | F55: =IF(COUNTA(F56:F60)=0,"",COUNTIF(F56:F60,"Ya")/5*100) | G55: =IF(COUNTA(G56:G60)=0,"",COUNTIF(G56:G60,"Ya")/5*100) | H55: =IF(COUNTA(H56:H60)=0,"",COUNTIF(H56:H60,"Ya")/5*100) | I55: =IF(COUNTA(I56:I60)=0,"",COUNTIF(I56:I60,"Ya")/5*100) | J55: =IF(COUNTA(J56:J60)=0,"",COUNTIF(J56:J60,"Ya")/5*100) | K55: =IF(COUNTA(K56:K60)=0,"",COUNTIF(K56:K60,"Ya")/5*100) | L55: =IF(COUNTA(L56:L60)=0,"",COUNTIF(L56:L60,"Ya")/5*100) | ... Y55: =IF(COUNTA(Y56:Y60)=0,"",COUNTIF(Y56:Y60,"Ya")/5*100) | Z55: =_xlfn.IFERROR(AVERAGE(E55:Y55),"")
B56: B9a | C56: Kecamatan memiliki daftar sekolah & panti asuhan di wilayahnya yang menjadi target integrasi data
B57: B9b | C57: Kesepakatan/nota kerja sama integrasi data dengan minimal satu sekolah/panti asuhan telah ada
B58: B9c | C58: Sistem integrasi data tersebut telah berjalan secara teknis
B59: B9d | C59: Integrasi mencakup lebih dari satu sekolah/panti asuhan di wilayah kecamatan
B60: B9e | C60: Tersedia laporan/data hasil pemanfaatan integrasi yang diperbarui berkala
B61: B10 | C61: Persentase permohonan adminduk diselesaikan tepat waktu sesuai SOP (SIBISA + loket manual) | D61: 7 | E61: =IF(COUNTA(E62:E66)=0,"",COUNTIF(E62:E66,"Ya")/5*100) | F61: =IF(COUNTA(F62:F66)=0,"",COUNTIF(F62:F66,"Ya")/5*100) | G61: =IF(COUNTA(G62:G66)=0,"",COUNTIF(G62:G66,"Ya")/5*100) | H61: =IF(COUNTA(H62:H66)=0,"",COUNTIF(H62:H66,"Ya")/5*100) | I61: =IF(COUNTA(I62:I66)=0,"",COUNTIF(I62:I66,"Ya")/5*100) | J61: =IF(COUNTA(J62:J66)=0,"",COUNTIF(J62:J66,"Ya")/5*100) | K61: =IF(COUNTA(K62:K66)=0,"",COUNTIF(K62:K66,"Ya")/5*100) | L61: =IF(COUNTA(L62:L66)=0,"",COUNTIF(L62:L66,"Ya")/5*100) | ... Y61: =IF(COUNTA(Y62:Y66)=0,"",COUNTIF(Y62:Y66,"Ya")/5*100) | Z61: =_xlfn.IFERROR(AVERAGE(E61:Y61),"")
B62: B10a | C62: Kecamatan mencatat jumlah total permohonan adminduk yang masuk (SIBISA & loket manual)
B63: B10b | C63: Kecamatan mencatat jumlah permohonan yang selesai tepat waktu sesuai SOP
B64: B10c | C64: Persentase penyelesaian tepat waktu mencapai target minimal yang ditetapkan
B65: B10d | C65: Permohonan yang terlambat memiliki catatan alasan & tindak lanjut
B66: B10e | C66: Data rekapitulasi ketepatan waktu ini dilaporkan secara berkala ke tingkat kota
C67: SKOR SUB-VARIABEL: Proses Adminduk | D67: 33 | E67: =IF((IF(ISNUMBER(E37),6,0)+IF(ISNUMBER(E43),7,0)+IF(ISNUMBER(E49),7,0)+IF(ISNUMBER(E55),6,0)+IF(ISNUMBER(E61),7,0))=0,"",(IF(ISNUMBER(E37),E37*6,0)+IF(ISNUMBER(E43),E43*7,0)+IF(ISNUMBER(E49),E49*7,0)+IF(ISNUMBER(E55),E55*6,0)+IF(ISNUMBER(E61),E61*7,0))/(IF(ISNUMBER(E37),6,0)+IF(ISNUMBER(E43),7,0)+IF(ISNUMBER(E49),7,0)+IF(ISNUMBER(E55),6,0)+IF(ISNUMBER(E61),7,0))) | F67: =IF((IF(ISNUMBER(F37),6,0)+IF(ISNUMBER(F43),7,0)+IF(ISNUMBER(F49),7,0)+IF(ISNUMBER(F55),6,0)+IF(ISNUMBER(F61),7,0))=0,"",(IF(ISNUMBER(F37),F37*6,0)+IF(ISNUMBER(F43),F43*7,0)+IF(ISNUMBER(F49),F49*7,0)+IF(ISNUMBER(F55),F55*6,0)+IF(ISNUMBER(F61),F61*7,0))/(IF(ISNUMBER(F37),6,0)+IF(ISNUMBER(F43),7,0)+IF(ISNUMBER(F49),7,0)+IF(ISNUMBER(F55),6,0)+IF(ISNUMBER(F61),7,0))) | G67: =IF((IF(ISNUMBER(G37),6,0)+IF(ISNUMBER(G43),7,0)+IF(ISNUMBER(G49),7,0)+IF(ISNUMBER(G55),6,0)+IF(ISNUMBER(G61),7,0))=0,"",(IF(ISNUMBER(G37),G37*6,0)+IF(ISNUMBER(G43),G43*7,0)+IF(ISNUMBER(G49),G49*7,0)+IF(ISNUMBER(G55),G55*6,0)+IF(ISNUMBER(G61),G61*7,0))/(IF(ISNUMBER(G37),6,0)+IF(ISNUMBER(G43),7,0)+IF(ISNUMBER(G49),7,0)+IF(ISNUMBER(G55),6,0)+IF(ISNUMBER(G61),7,0))) | H67: =IF((IF(ISNUMBER(H37),6,0)+IF(ISNUMBER(H43),7,0)+IF(ISNUMBER(H49),7,0)+IF(ISNUMBER(H55),6,0)+IF(ISNUMBER(H61),7,0))=0,"",(IF(ISNUMBER(H37),H37*6,0)+IF(ISNUMBER(H43),H43*7,0)+IF(ISNUMBER(H49),H49*7,0)+IF(ISNUMBER(H55),H55*6,0)+IF(ISNUMBER(H61),H61*7,0))/(IF(ISNUMBER(H37),6,0)+IF(ISNUMBER(H43),7,0)+IF(ISNUMBER(H49),7,0)+IF(ISNUMBER(H55),6,0)+IF(ISNUMBER(H61),7,0))) | I67: =IF((IF(ISNUMBER(I37),6,0)+IF(ISNUMBER(I43),7,0)+IF(ISNUMBER(I49),7,0)+IF(ISNUMBER(I55),6,0)+IF(ISNUMBER(I61),7,0))=0,"",(IF(ISNUMBER(I37),I37*6,0)+IF(ISNUMBER(I43),I43*7,0)+IF(ISNUMBER(I49),I49*7,0)+IF(ISNUMBER(I55),I55*6,0)+IF(ISNUMBER(I61),I61*7,0))/(IF(ISNUMBER(I37),6,0)+IF(ISNUMBER(I43),7,0)+IF(ISNUMBER(I49),7,0)+IF(ISNUMBER(I55),6,0)+IF(ISNUMBER(I61),7,0))) | J67: =IF((IF(ISNUMBER(J37),6,0)+IF(ISNUMBER(J43),7,0)+IF(ISNUMBER(J49),7,0)+IF(ISNUMBER(J55),6,0)+IF(ISNUMBER(J61),7,0))=0,"",(IF(ISNUMBER(J37),J37*6,0)+IF(ISNUMBER(J43),J43*7,0)+IF(ISNUMBER(J49),J49*7,0)+IF(ISNUMBER(J55),J55*6,0)+IF(ISNUMBER(J61),J61*7,0))/(IF(ISNUMBER(J37),6,0)+IF(ISNUMBER(J43),7,0)+IF(ISNUMBER(J49),7,0)+IF(ISNUMBER(J55),6,0)+IF(ISNUMBER(J61),7,0))) | K67: =IF((IF(ISNUMBER(K37),6,0)+IF(ISNUMBER(K43),7,0)+IF(ISNUMBER(K49),7,0)+IF(ISNUMBER(K55),6,0)+IF(ISNUMBER(K61),7,0))=0,"",(IF(ISNUMBER(K37),K37*6,0)+IF(ISNUMBER(K43),K43*7,0)+IF(ISNUMBER(K49),K49*7,0)+IF(ISNUMBER(K55),K55*6,0)+IF(ISNUMBER(K61),K61*7,0))/(IF(ISNUMBER(K37),6,0)+IF(ISNUMBER(K43),7,0)+IF(ISNUMBER(K49),7,0)+IF(ISNUMBER(K55),6,0)+IF(ISNUMBER(K61),7,0))) | L67: =IF((IF(ISNUMBER(L37),6,0)+IF(ISNUMBER(L43),7,0)+IF(ISNUMBER(L49),7,0)+IF(ISNUMBER(L55),6,0)+IF(ISNUMBER(L61),7,0))=0,"",(IF(ISNUMBER(L37),L37*6,0)+IF(ISNUMBER(L43),L43*7,0)+IF(ISNUMBER(L49),L49*7,0)+IF(ISNUMBER(L55),L55*6,0)+IF(ISNUMBER(L61),L61*7,0))/(IF(ISNUMBER(L37),6,0)+IF(ISNUMBER(L43),7,0)+IF(ISNUMBER(L49),7,0)+IF(ISNUMBER(L55),6,0)+IF(ISNUMBER(L61),7,0))) | ... Y67: =IF((IF(ISNUMBER(Y37),6,0)+IF(ISNUMBER(Y43),7,0)+IF(ISNUMBER(Y49),7,0)+IF(ISNUMBER(Y55),6,0)+IF(ISNUMBER(Y61),7,0))=0,"",(IF(ISNUMBER(Y37),Y37*6,0)+IF(ISNUMBER(Y43),Y43*7,0)+IF(ISNUMBER(Y49),Y49*7,0)+IF(ISNUMBER(Y55),Y55*6,0)+IF(ISNUMBER(Y61),Y61*7,0))/(IF(ISNUMBER(Y37),6,0)+IF(ISNUMBER(Y43),7,0)+IF(ISNUMBER(Y49),7,0)+IF(ISNUMBER(Y55),6,0)+IF(ISNUMBER(Y61),7,0))) | Z67: =_xlfn.IFERROR(AVERAGE(E67:Y67),"")
A68: SUB-VARIABEL: Perspektif Pembelajaran & Pertumbuhan — SDM & Literasi Digital [D4]
B69: B11 | C69: Aparatur mengikuti pelatihan pengelolaan TPS (SOP operasional, K3 persampahan, pemilahan dasar) | D69: 7 | E69: =IF(COUNTA(E70:E74)=0,"",COUNTIF(E70:E74,"Ya")/5*100) | F69: =IF(COUNTA(F70:F74)=0,"",COUNTIF(F70:F74,"Ya")/5*100) | G69: =IF(COUNTA(G70:G74)=0,"",COUNTIF(G70:G74,"Ya")/5*100) | H69: =IF(COUNTA(H70:H74)=0,"",COUNTIF(H70:H74,"Ya")/5*100) | I69: =IF(COUNTA(I70:I74)=0,"",COUNTIF(I70:I74,"Ya")/5*100) | J69: =IF(COUNTA(J70:J74)=0,"",COUNTIF(J70:J74,"Ya")/5*100) | K69: =IF(COUNTA(K70:K74)=0,"",COUNTIF(K70:K74,"Ya")/5*100) | L69: =IF(COUNTA(L70:L74)=0,"",COUNTIF(L70:L74,"Ya")/5*100) | ... Y69: =IF(COUNTA(Y70:Y74)=0,"",COUNTIF(Y70:Y74,"Ya")/5*100) | Z69: =_xlfn.IFERROR(AVERAGE(E69:Y69),"")
B70: B11a | C70: Tersedia daftar aparatur/petugas yang bertanggung jawab atas pengelolaan TPS
B71: B11b | C71: Minimal satu petugas per kelurahan pernah mengikuti pelatihan pengelolaan TPS
B72: B11c | C72: Materi pelatihan mencakup SOP operasional dan K3 persampahan dasar
B73: B11d | C73: Pelatihan diikuti dalam 1 tahun terakhir, bukan pelatihan lama yang sudah kedaluwarsa
B74: B11e | C74: Tersedia sertifikat/bukti keikutsertaan pelatihan yang terdokumentasi
B75: B12 | C75: Aparatur mengikuti pelatihan operasional SIBISA & layanan adminduk digital | D75: 7 | E75: =IF(COUNTA(E76:E80)=0,"",COUNTIF(E76:E80,"Ya")/5*100) | F75: =IF(COUNTA(F76:F80)=0,"",COUNTIF(F76:F80,"Ya")/5*100) | G75: =IF(COUNTA(G76:G80)=0,"",COUNTIF(G76:G80,"Ya")/5*100) | H75: =IF(COUNTA(H76:H80)=0,"",COUNTIF(H76:H80,"Ya")/5*100) | I75: =IF(COUNTA(I76:I80)=0,"",COUNTIF(I76:I80,"Ya")/5*100) | J75: =IF(COUNTA(J76:J80)=0,"",COUNTIF(J76:J80,"Ya")/5*100) | K75: =IF(COUNTA(K76:K80)=0,"",COUNTIF(K76:K80,"Ya")/5*100) | L75: =IF(COUNTA(L76:L80)=0,"",COUNTIF(L76:L80,"Ya")/5*100) | ... Y75: =IF(COUNTA(Y76:Y80)=0,"",COUNTIF(Y76:Y80,"Ya")/5*100) | Z75: =_xlfn.IFERROR(AVERAGE(E75:Y75),"")
B76: B12a | C76: Tersedia daftar aparatur yang bertugas mengoperasikan SIBISA
B77: B12b | C77: Minimal satu petugas per kecamatan pernah mengikuti pelatihan SIBISA
B78: B12c | C78: Petugas mampu mendemonstrasikan pengoperasian dasar SIBISA saat diminta
B79: B12d | C79: Pelatihan diikuti dalam 1 tahun terakhir
B80: B12e | C80: Tersedia sertifikat/bukti keikutsertaan pelatihan yang terdokumentasi
B81: B13 | C81: Tersedia & digunakan e-office, WA resmi, media sosial untuk mendukung operasional kecamatan sehari-hari | D81: 6 | E81: =IF(COUNTA(E82:E86)=0,"",COUNTIF(E82:E86,"Ya")/5*100) | F81: =IF(COUNTA(F82:F86)=0,"",COUNTIF(F82:F86,"Ya")/5*100) | G81: =IF(COUNTA(G82:G86)=0,"",COUNTIF(G82:G86,"Ya")/5*100) | H81: =IF(COUNTA(H82:H86)=0,"",COUNTIF(H82:H86,"Ya")/5*100) | I81: =IF(COUNTA(I82:I86)=0,"",COUNTIF(I82:I86,"Ya")/5*100) | J81: =IF(COUNTA(J82:J86)=0,"",COUNTIF(J82:J86,"Ya")/5*100) | K81: =IF(COUNTA(K82:K86)=0,"",COUNTIF(K82:K86,"Ya")/5*100) | L81: =IF(COUNTA(L82:L86)=0,"",COUNTIF(L82:L86,"Ya")/5*100) | ... Y81: =IF(COUNTA(Y82:Y86)=0,"",COUNTIF(Y82:Y86,"Ya")/5*100) | Z81: =_xlfn.IFERROR(AVERAGE(E81:Y81),"")
B82: B13a | C82: Kecamatan memiliki akun e-office/WA resmi/media sosial yang aktif
B83: B13b | C83: Akun tersebut digunakan untuk komunikasi operasional dalam 1 bulan terakhir
B84: B13c | C84: Informasi yang dibagikan relevan dengan layanan publik, bukan hanya seremonial
B85: B13d | C85: Warga terlihat/tercatat berinteraksi (komentar/respons) pada kanal tersebut
B86: B13e | C86: Tersedia pengelola/admin resmi yang ditugaskan mengelola kanal tersebut secara rutin
C87: SKOR SUB-VARIABEL: SDM & Literasi Digital | D87: 20 | E87: =IF((IF(ISNUMBER(E69),7,0)+IF(ISNUMBER(E75),7,0)+IF(ISNUMBER(E81),6,0))=0,"",(IF(ISNUMBER(E69),E69*7,0)+IF(ISNUMBER(E75),E75*7,0)+IF(ISNUMBER(E81),E81*6,0))/(IF(ISNUMBER(E69),7,0)+IF(ISNUMBER(E75),7,0)+IF(ISNUMBER(E81),6,0))) | F87: =IF((IF(ISNUMBER(F69),7,0)+IF(ISNUMBER(F75),7,0)+IF(ISNUMBER(F81),6,0))=0,"",(IF(ISNUMBER(F69),F69*7,0)+IF(ISNUMBER(F75),F75*7,0)+IF(ISNUMBER(F81),F81*6,0))/(IF(ISNUMBER(F69),7,0)+IF(ISNUMBER(F75),7,0)+IF(ISNUMBER(F81),6,0))) | G87: =IF((IF(ISNUMBER(G69),7,0)+IF(ISNUMBER(G75),7,0)+IF(ISNUMBER(G81),6,0))=0,"",(IF(ISNUMBER(G69),G69*7,0)+IF(ISNUMBER(G75),G75*7,0)+IF(ISNUMBER(G81),G81*6,0))/(IF(ISNUMBER(G69),7,0)+IF(ISNUMBER(G75),7,0)+IF(ISNUMBER(G81),6,0))) | H87: =IF((IF(ISNUMBER(H69),7,0)+IF(ISNUMBER(H75),7,0)+IF(ISNUMBER(H81),6,0))=0,"",(IF(ISNUMBER(H69),H69*7,0)+IF(ISNUMBER(H75),H75*7,0)+IF(ISNUMBER(H81),H81*6,0))/(IF(ISNUMBER(H69),7,0)+IF(ISNUMBER(H75),7,0)+IF(ISNUMBER(H81),6,0))) | I87: =IF((IF(ISNUMBER(I69),7,0)+IF(ISNUMBER(I75),7,0)+IF(ISNUMBER(I81),6,0))=0,"",(IF(ISNUMBER(I69),I69*7,0)+IF(ISNUMBER(I75),I75*7,0)+IF(ISNUMBER(I81),I81*6,0))/(IF(ISNUMBER(I69),7,0)+IF(ISNUMBER(I75),7,0)+IF(ISNUMBER(I81),6,0))) | J87: =IF((IF(ISNUMBER(J69),7,0)+IF(ISNUMBER(J75),7,0)+IF(ISNUMBER(J81),6,0))=0,"",(IF(ISNUMBER(J69),J69*7,0)+IF(ISNUMBER(J75),J75*7,0)+IF(ISNUMBER(J81),J81*6,0))/(IF(ISNUMBER(J69),7,0)+IF(ISNUMBER(J75),7,0)+IF(ISNUMBER(J81),6,0))) | K87: =IF((IF(ISNUMBER(K69),7,0)+IF(ISNUMBER(K75),7,0)+IF(ISNUMBER(K81),6,0))=0,"",(IF(ISNUMBER(K69),K69*7,0)+IF(ISNUMBER(K75),K75*7,0)+IF(ISNUMBER(K81),K81*6,0))/(IF(ISNUMBER(K69),7,0)+IF(ISNUMBER(K75),7,0)+IF(ISNUMBER(K81),6,0))) | L87: =IF((IF(ISNUMBER(L69),7,0)+IF(ISNUMBER(L75),7,0)+IF(ISNUMBER(L81),6,0))=0,"",(IF(ISNUMBER(L69),L69*7,0)+IF(ISNUMBER(L75),L75*7,0)+IF(ISNUMBER(L81),L81*6,0))/(IF(ISNUMBER(L69),7,0)+IF(ISNUMBER(L75),7,0)+IF(ISNUMBER(L81),6,0))) | ... Y87: =IF((IF(ISNUMBER(Y69),7,0)+IF(ISNUMBER(Y75),7,0)+IF(ISNUMBER(Y81),6,0))=0,"",(IF(ISNUMBER(Y69),Y69*7,0)+IF(ISNUMBER(Y75),Y75*7,0)+IF(ISNUMBER(Y81),Y81*6,0))/(IF(ISNUMBER(Y69),7,0)+IF(ISNUMBER(Y75),7,0)+IF(ISNUMBER(Y81),6,0))) | Z87: =_xlfn.IFERROR(AVERAGE(E87:Y87),"")
A88: SUB-VARIABEL: Perspektif Anggaran & Efisiensi Keuangan [D5]
B89: B14 | C89: Persentase realisasi anggaran persampahan & adminduk terhadap pagu yang ditetapkan | D89: 50 | E89: =IF(COUNTA(E90:E94)=0,"",COUNTIF(E90:E94,"Ya")/5*100) | F89: =IF(COUNTA(F90:F94)=0,"",COUNTIF(F90:F94,"Ya")/5*100) | G89: =IF(COUNTA(G90:G94)=0,"",COUNTIF(G90:G94,"Ya")/5*100) | H89: =IF(COUNTA(H90:H94)=0,"",COUNTIF(H90:H94,"Ya")/5*100) | I89: =IF(COUNTA(I90:I94)=0,"",COUNTIF(I90:I94,"Ya")/5*100) | J89: =IF(COUNTA(J90:J94)=0,"",COUNTIF(J90:J94,"Ya")/5*100) | K89: =IF(COUNTA(K90:K94)=0,"",COUNTIF(K90:K94,"Ya")/5*100) | L89: =IF(COUNTA(L90:L94)=0,"",COUNTIF(L90:L94,"Ya")/5*100) | ... Y89: =IF(COUNTA(Y90:Y94)=0,"",COUNTIF(Y90:Y94,"Ya")/5*100) | Z89: =_xlfn.IFERROR(AVERAGE(E89:Y89),"")
B90: B14a | C90: Kecamatan memiliki dokumen pagu anggaran persampahan & adminduk tahun berjalan
B91: B14b | C91: Kecamatan mencatat realisasi anggaran secara berkala (bulanan/triwulanan)
B92: B14c | C92: Realisasi anggaran berjalan sesuai atau mendekati target periode berjalan, tidak jauh menyimpang
B93: B14d | C93: Tidak ditemukan penyerapan anggaran yang menumpuk di akhir tahun sebagai indikasi perencanaan buruk
B94: B14e | C94: Tersedia laporan realisasi anggaran yang dapat diverifikasi dan diaudit
B95: B15 | C95: Efisiensi belanja: rasio biaya operasional per ton sampah terangkut dan biaya per dokumen adminduk diterbitkan | D95: 50 | E95: =IF(COUNTA(E96:E100)=0,"",COUNTIF(E96:E100,"Ya")/5*100) | F95: =IF(COUNTA(F96:F100)=0,"",COUNTIF(F96:F100,"Ya")/5*100) | G95: =IF(COUNTA(G96:G100)=0,"",COUNTIF(G96:G100,"Ya")/5*100) | H95: =IF(COUNTA(H96:H100)=0,"",COUNTIF(H96:H100,"Ya")/5*100) | I95: =IF(COUNTA(I96:I100)=0,"",COUNTIF(I96:I100,"Ya")/5*100) | J95: =IF(COUNTA(J96:J100)=0,"",COUNTIF(J96:J100,"Ya")/5*100) | K95: =IF(COUNTA(K96:K100)=0,"",COUNTIF(K96:K100,"Ya")/5*100) | L95: =IF(COUNTA(L96:L100)=0,"",COUNTIF(L96:L100,"Ya")/5*100) | ... Y95: =IF(COUNTA(Y96:Y100)=0,"",COUNTIF(Y96:Y100,"Ya")/5*100) | Z95: =_xlfn.IFERROR(AVERAGE(E95:Y95),"")
B96: B15a | C96: Kecamatan memiliki data biaya operasional persampahan dan jumlah sampah terangkut dalam ton
B97: B15b | C97: Kecamatan memiliki data biaya operasional adminduk dan jumlah dokumen diterbitkan
B98: B15c | C98: Rasio biaya per ton sampah dan per dokumen telah dihitung secara berkala
B99: B15d | C99: Rasio tersebut berada dalam batas wajar/efisien dibanding standar atau rata-rata kota
B100: B15e | C100: Tersedia laporan analisis efisiensi biaya yang digunakan sebagai dasar perbaikan
...

Sheet Cek_C
A1: CEK_C — KUESIONER C — TATA KELOLA & GOOD GOVERNANCE (DIMENSI D2)
A2: Skala asli instrumen: 1–5. Isi kolom kecamatan (Ya/Tidak) pada baris sub-item (a-e) di bawah tiap indikator induk. Baris 'Skor' & 'SKOR SUBVAR'/'SKOR BLOK' terisi otomatis.
A3: No | B3: Kode | C3: Pernyataan / Uraian Indikator | D3: Bobot Asli (%) | E3: Tembung | F3: Belawan | G3: Marelan | H3: Amplas | I3: Perjuangan | J3: Deli | K3: Tuntungan | L3: Selayang | M3: Polonia | N3: Area | O3: Kota | P3: Baru | Q3: Johor | R3: Denai | S3: Labuhan | T3: Timur | U3: Barat | V3: Helvetia | W3: Sunggal | X3: Maimun | Y3: Petisah | Z3: Rata-rata Kota
A4: SUB-VARIABEL: Transparansi — Keterbukaan Informasi Program Persampahan & Adminduk [D2]
B5: C1 | C5: Jadwal pengangkutan sampah dari TPS ke TPA diumumkan secara terbuka kepada warga (papan pengumuman, grup WA RT/RW, medsos kelurahan) | D5: 6.25 | E5: =IF(COUNTA(E6:E10)=0,"",COUNTIF(E6:E10,"Ya")/5*100) | F5: =IF(COUNTA(F6:F10)=0,"",COUNTIF(F6:F10,"Ya")/5*100) | G5: =IF(COUNTA(G6:G10)=0,"",COUNTIF(G6:G10,"Ya")/5*100) | H5: =IF(COUNTA(H6:H10)=0,"",COUNTIF(H6:H10,"Ya")/5*100) | I5: =IF(COUNTA(I6:I10)=0,"",COUNTIF(I6:I10,"Ya")/5*100) | J5: =IF(COUNTA(J6:J10)=0,"",COUNTIF(J6:J10,"Ya")/5*100) | K5: =IF(COUNTA(K6:K10)=0,"",COUNTIF(K6:K10,"Ya")/5*100) | L5: =IF(COUNTA(L6:L10)=0,"",COUNTIF(L6:L10,"Ya")/5*100) | ... Y5: =IF(COUNTA(Y6:Y10)=0,"",COUNTIF(Y6:Y10,"Ya")/5*100) | Z5: =_xlfn.IFERROR(AVERAGE(E5:Y5),"")
B6: C1a | C6: Jadwal pengangkutan sampah tersedia dalam bentuk tertulis/dokumen resmi
B7: C1b | C7: Jadwal tersebut dipasang di papan pengumuman fisik yang dapat dilihat warga
B8: C1c | C8: Jadwal juga disebarkan melalui grup WA RT/RW atau media sosial kelurahan
B9: C1d | C9: Informasi yang diumumkan sesuai dengan pelaksanaan aktual, tidak menyesatkan
B10: C1e | C10: Pembaruan jadwal, bila ada perubahan, diumumkan ulang melalui kanal yang sama
B11: C2 | C11: Informasi lokasi, kapasitas, jam operasional & tata tertib TPS/Bank Sampah tersedia dan mudah diakses warga | D11: 6.25 | E11: =IF(COUNTA(E12:E16)=0,"",COUNTIF(E12:E16,"Ya")/5*100) | F11: =IF(COUNTA(F12:F16)=0,"",COUNTIF(F12:F16,"Ya")/5*100) | G11: =IF(COUNTA(G12:G16)=0,"",COUNTIF(G12:G16,"Ya")/5*100) | H11: =IF(COUNTA(H12:H16)=0,"",COUNTIF(H12:H16,"Ya")/5*100) | I11: =IF(COUNTA(I12:I16)=0,"",COUNTIF(I12:I16,"Ya")/5*100) | J11: =IF(COUNTA(J12:J16)=0,"",COUNTIF(J12:J16,"Ya")/5*100) | K11: =IF(COUNTA(K12:K16)=0,"",COUNTIF(K12:K16,"Ya")/5*100) | L11: =IF(COUNTA(L12:L16)=0,"",COUNTIF(L12:L16,"Ya")/5*100) | ... Y11: =IF(COUNTA(Y12:Y16)=0,"",COUNTIF(Y12:Y16,"Ya")/5*100) | Z11: =_xlfn.IFERROR(AVERAGE(E11:Y11),"")
B12: C2a | C12: Informasi lokasi TPS/Bank Sampah dapat diperoleh warga dengan mudah
B13: C2b | C13: Informasi kapasitas & jam operasional TPS dipublikasikan
B14: C2c | C14: Tata tertib penggunaan TPS (jenis sampah, jam buang) dipasang di lokasi
B15: C2d | C15: Informasi tersedia dalam lebih dari satu bentuk, baik papan fisik maupun digital
B16: C2e | C16: Informasi diperbarui bila terjadi perubahan kebijakan/operasional TPS
B17: C3 | C17: Prosedur, persyaratan & biaya layanan SIBISA dipublikasikan jelas di website, papan pengumuman, dan/atau media sosial kecamatan | D17: 6.25 | E17: =IF(COUNTA(E18:E22)=0,"",COUNTIF(E18:E22,"Ya")/5*100) | F17: =IF(COUNTA(F18:F22)=0,"",COUNTIF(F18:F22,"Ya")/5*100) | G17: =IF(COUNTA(G18:G22)=0,"",COUNTIF(G18:G22,"Ya")/5*100) | H17: =IF(COUNTA(H18:H22)=0,"",COUNTIF(H18:H22,"Ya")/5*100) | I17: =IF(COUNTA(I18:I22)=0,"",COUNTIF(I18:I22,"Ya")/5*100) | J17: =IF(COUNTA(J18:J22)=0,"",COUNTIF(J18:J22,"Ya")/5*100) | K17: =IF(COUNTA(K18:K22)=0,"",COUNTIF(K18:K22,"Ya")/5*100) | L17: =IF(COUNTA(L18:L22)=0,"",COUNTIF(L18:L22,"Ya")/5*100) | ... Y17: =IF(COUNTA(Y18:Y22)=0,"",COUNTIF(Y18:Y22,"Ya")/5*100) | Z17: =_xlfn.IFERROR(AVERAGE(E17:Y17),"")
B18: C3a | C18: Prosedur pengajuan SIBISA dipublikasikan secara tertulis
B19: C3b | C19: Persyaratan dokumen untuk tiap jenis layanan dicantumkan lengkap
B20: C3c | C20: Informasi biaya, termasuk pernyataan gratis bila berlaku, dinyatakan eksplisit
B21: C3d | C21: Publikasi tersedia di lebih dari satu kanal (website/papan/medsos kecamatan)
B22: C3e | C22: Informasi tersebut sesuai dengan praktik pelayanan aktual saat diverifikasi, tidak ada pungutan tidak resmi
B23: C4 | C23: Jadwal layanan jemput bola adminduk diumumkan jauh hari sebelum pelaksanaan (kelurahan dikunjungi, tanggal, waktu, jenis dokumen) | D23: 6.25 | E23: =IF(COUNTA(E24:E28)=0,"",COUNTIF(E24:E28,"Ya")/5*100) | F23: =IF(COUNTA(F24:F28)=0,"",COUNTIF(F24:F28,"Ya")/5*100) | G23: =IF(COUNTA(G24:G28)=0,"",COUNTIF(G24:G28,"Ya")/5*100) | H23: =IF(COUNTA(H24:H28)=0,"",COUNTIF(H24:H28,"Ya")/5*100) | I23: =IF(COUNTA(I24:I28)=0,"",COUNTIF(I24:I28,"Ya")/5*100) | J23: =IF(COUNTA(J24:J28)=0,"",COUNTIF(J24:J28,"Ya")/5*100) | K23: =IF(COUNTA(K24:K28)=0,"",COUNTIF(K24:K28,"Ya")/5*100) | L23: =IF(COUNTA(L24:L28)=0,"",COUNTIF(L24:L28,"Ya")/5*100) | ... Y23: =IF(COUNTA(Y24:Y28)=0,"",COUNTIF(Y24:Y28,"Ya")/5*100) | Z23: =_xlfn.IFERROR(AVERAGE(E23:Y23),"")
B24: C4a | C24: Jadwal jemput bola diumumkan minimal 3 hari sebelum pelaksanaan
B25: C4b | C25: Pengumuman mencantumkan kelurahan, tanggal, waktu, dan jenis dokumen yang dilayani
B26: C4c | C26: Pengumuman disebarkan melalui kanal yang menjangkau warga kelurahan sasaran (RT/RW/WA/papan)
B27: C4d | C27: Realisasi pelaksanaan sesuai dengan yang diumumkan, tidak berubah mendadak tanpa notifikasi
B28: C4e | C28: Tersedia bukti/arsip pengumuman untuk setiap sesi jemput bola yang dilaksanakan
C29: SKOR SUB-VARIABEL: Transparansi | D29: 25 | E29: =IF((IF(ISNUMBER(E5),6.25,0)+IF(ISNUMBER(E11),6.25,0)+IF(ISNUMBER(E17),6.25,0)+IF(ISNUMBER(E23),6.25,0))=0,"",(IF(ISNUMBER(E5),E5*6.25,0)+IF(ISNUMBER(E11),E11*6.25,0)+IF(ISNUMBER(E17),E17*6.25,0)+IF(ISNUMBER(E23),E23*6.25,0))/(IF(ISNUMBER(E5),6.25,0)+IF(ISNUMBER(E11),6.25,0)+IF(ISNUMBER(E17),6.25,0)+IF(ISNUMBER(E23),6.25,0))) | F29: =IF((IF(ISNUMBER(F5),6.25,0)+IF(ISNUMBER(F11),6.25,0)+IF(ISNUMBER(F17),6.25,0)+IF(ISNUMBER(F23),6.25,0))=0,"",(IF(ISNUMBER(F5),F5*6.25,0)+IF(ISNUMBER(F11),F11*6.25,0)+IF(ISNUMBER(F17),F17*6.25,0)+IF(ISNUMBER(F23),F23*6.25,0))/(IF(ISNUMBER(F5),6.25,0)+IF(ISNUMBER(F11),6.25,0)+IF(ISNUMBER(F17),6.25,0)+IF(ISNUMBER(F23),6.25,0))) | G29: =IF((IF(ISNUMBER(G5),6.25,0)+IF(ISNUMBER(G11),6.25,0)+IF(ISNUMBER(G17),6.25,0)+IF(ISNUMBER(G23),6.25,0))=0,"",(IF(ISNUMBER(G5),G5*6.25,0)+IF(ISNUMBER(G11),G11*6.25,0)+IF(ISNUMBER(G17),G17*6.25,0)+IF(ISNUMBER(G23),G23*6.25,0))/(IF(ISNUMBER(G5),6.25,0)+IF(ISNUMBER(G11),6.25,0)+IF(ISNUMBER(G17),6.25,0)+IF(ISNUMBER(G23),6.25,0))) | H29: =IF((IF(ISNUMBER(H5),6.25,0)+IF(ISNUMBER(H11),6.25,0)+IF(ISNUMBER(H17),6.25,0)+IF(ISNUMBER(H23),6.25,0))=0,"",(IF(ISNUMBER(H5),H5*6.25,0)+IF(ISNUMBER(H11),H11*6.25,0)+IF(ISNUMBER(H17),H17*6.25,0)+IF(ISNUMBER(H23),H23*6.25,0))/(IF(ISNUMBER(H5),6.25,0)+IF(ISNUMBER(H11),6.25,0)+IF(ISNUMBER(H17),6.25,0)+IF(ISNUMBER(H23),6.25,0))) | I29: =IF((IF(ISNUMBER(I5),6.25,0)+IF(ISNUMBER(I11),6.25,0)+IF(ISNUMBER(I17),6.25,0)+IF(ISNUMBER(I23),6.25,0))=0,"",(IF(ISNUMBER(I5),I5*6.25,0)+IF(ISNUMBER(I11),I11*6.25,0)+IF(ISNUMBER(I17),I17*6.25,0)+IF(ISNUMBER(I23),I23*6.25,0))/(IF(ISNUMBER(I5),6.25,0)+IF(ISNUMBER(I11),6.25,0)+IF(ISNUMBER(I17),6.25,0)+IF(ISNUMBER(I23),6.25,0))) | J29: =IF((IF(ISNUMBER(J5),6.25,0)+IF(ISNUMBER(J11),6.25,0)+IF(ISNUMBER(J17),6.25,0)+IF(ISNUMBER(J23),6.25,0))=0,"",(IF(ISNUMBER(J5),J5*6.25,0)+IF(ISNUMBER(J11),J11*6.25,0)+IF(ISNUMBER(J17),J17*6.25,0)+IF(ISNUMBER(J23),J23*6.25,0))/(IF(ISNUMBER(J5),6.25,0)+IF(ISNUMBER(J11),6.25,0)+IF(ISNUMBER(J17),6.25,0)+IF(ISNUMBER(J23),6.25,0))) | K29: =IF((IF(ISNUMBER(K5),6.25,0)+IF(ISNUMBER(K11),6.25,0)+IF(ISNUMBER(K17),6.25,0)+IF(ISNUMBER(K23),6.25,0))=0,"",(IF(ISNUMBER(K5),K5*6.25,0)+IF(ISNUMBER(K11),K11*6.25,0)+IF(ISNUMBER(K17),K17*6.25,0)+IF(ISNUMBER(K23),K23*6.25,0))/(IF(ISNUMBER(K5),6.25,0)+IF(ISNUMBER(K11),6.25,0)+IF(ISNUMBER(K17),6.25,0)+IF(ISNUMBER(K23),6.25,0))) | L29: =IF((IF(ISNUMBER(L5),6.25,0)+IF(ISNUMBER(L11),6.25,0)+IF(ISNUMBER(L17),6.25,0)+IF(ISNUMBER(L23),6.25,0))=0,"",(IF(ISNUMBER(L5),L5*6.25,0)+IF(ISNUMBER(L11),L11*6.25,0)+IF(ISNUMBER(L17),L17*6.25,0)+IF(ISNUMBER(L23),L23*6.25,0))/(IF(ISNUMBER(L5),6.25,0)+IF(ISNUMBER(L11),6.25,0)+IF(ISNUMBER(L17),6.25,0)+IF(ISNUMBER(L23),6.25,0))) | ... Y29: =IF((IF(ISNUMBER(Y5),6.25,0)+IF(ISNUMBER(Y11),6.25,0)+IF(ISNUMBER(Y17),6.25,0)+IF(ISNUMBER(Y23),6.25,0))=0,"",(IF(ISNUMBER(Y5),Y5*6.25,0)+IF(ISNUMBER(Y11),Y11*6.25,0)+IF(ISNUMBER(Y17),Y17*6.25,0)+IF(ISNUMBER(Y23),Y23*6.25,0))/(IF(ISNUMBER(Y5),6.25,0)+IF(ISNUMBER(Y11),6.25,0)+IF(ISNUMBER(Y17),6.25,0)+IF(ISNUMBER(Y23),6.25,0))) | Z29: =_xlfn.IFERROR(AVERAGE(E29:Y29),"")
A30: SUB-VARIABEL: Akuntabilitas — Pertanggungjawaban & Mekanisme Pengaduan [D2]
B31: C5 | C31: Kecamatan memiliki laporan evaluasi berkala kondisi & operasional TPS serta capaian program pengangkutan yang dapat diakses publik | D31: 6.25 | E31: =IF(COUNTA(E32:E36)=0,"",COUNTIF(E32:E36,"Ya")/5*100) | F31: =IF(COUNTA(F32:F36)=0,"",COUNTIF(F32:F36,"Ya")/5*100) | G31: =IF(COUNTA(G32:G36)=0,"",COUNTIF(G32:G36,"Ya")/5*100) | H31: =IF(COUNTA(H32:H36)=0,"",COUNTIF(H32:H36,"Ya")/5*100) | I31: =IF(COUNTA(I32:I36)=0,"",COUNTIF(I32:I36,"Ya")/5*100) | J31: =IF(COUNTA(J32:J36)=0,"",COUNTIF(J32:J36,"Ya")/5*100) | K31: =IF(COUNTA(K32:K36)=0,"",COUNTIF(K32:K36,"Ya")/5*100) | L31: =IF(COUNTA(L32:L36)=0,"",COUNTIF(L32:L36,"Ya")/5*100) | ... Y31: =IF(COUNTA(Y32:Y36)=0,"",COUNTIF(Y32:Y36,"Ya")/5*100) | Z31: =_xlfn.IFERROR(AVERAGE(E31:Y31),"")
B32: C5a | C32: Kecamatan menyusun laporan evaluasi TPS secara berkala (bulanan/triwulanan)
B33: C5b | C33: Laporan mencakup data kondisi fisik dan operasional tiap TPS
B34: C5c | C34: Laporan mencakup capaian program pengangkutan: volume, frekuensi, dan kendala
B35: C5d | C35: Laporan tersebut dapat diakses/diminta oleh publik atau warga yang berkepentingan
B36: C5e | C36: Laporan digunakan sebagai dasar tindak lanjut/perbaikan yang terdokumentasi
B37: C6 | C37: Tersedia mekanisme pengaduan yang jelas bagi warga untuk melaporkan TPS meluap, armada tidak datang, atau gangguan lingkungan — serta ditindaklanjuti nyata | D37: 6.25 | E37: =IF(COUNTA(E38:E42)=0,"",COUNTIF(E38:E42,"Ya")/5*100) | F37: =IF(COUNTA(F38:F42)=0,"",COUNTIF(F38:F42,"Ya")/5*100) | G37: =IF(COUNTA(G38:G42)=0,"",COUNTIF(G38:G42,"Ya")/5*100) | H37: =IF(COUNTA(H38:H42)=0,"",COUNTIF(H38:H42,"Ya")/5*100) | I37: =IF(COUNTA(I38:I42)=0,"",COUNTIF(I38:I42,"Ya")/5*100) | J37: =IF(COUNTA(J38:J42)=0,"",COUNTIF(J38:J42,"Ya")/5*100) | K37: =IF(COUNTA(K38:K42)=0,"",COUNTIF(K38:K42,"Ya")/5*100) | L37: =IF(COUNTA(L38:L42)=0,"",COUNTIF(L38:L42,"Ya")/5*100) | ... Y37: =IF(COUNTA(Y38:Y42)=0,"",COUNTIF(Y38:Y42,"Ya")/5*100) | Z37: =_xlfn.IFERROR(AVERAGE(E37:Y37),"")
B38: C6a | C38: Kanal pengaduan resmi terkait TPS meluap/armada tidak datang tersedia dan diketahui warga
B39: C6b | C39: Prosedur pengaduan (cara melapor, ke siapa) diinformasikan secara terbuka
B40: C6c | C40: Pengaduan yang masuk dicatat dalam suatu sistem/buku register
B41: C6d | C41: Setiap pengaduan memiliki status tindak lanjut yang dapat dipantau
B42: C6e | C42: Terdapat bukti penyelesaian nyata, bukan sekadar tercatat, untuk pengaduan yang masuk
B43: C7 | C43: Kecamatan menyampaikan LPJ layanan adminduk (SIBISA, jemput bola, loket) secara berkala kepada masyarakat | D43: 6.25 | E43: =IF(COUNTA(E44:E48)=0,"",COUNTIF(E44:E48,"Ya")/5*100) | F43: =IF(COUNTA(F44:F48)=0,"",COUNTIF(F44:F48,"Ya")/5*100) | G43: =IF(COUNTA(G44:G48)=0,"",COUNTIF(G44:G48,"Ya")/5*100) | H43: =IF(COUNTA(H44:H48)=0,"",COUNTIF(H44:H48,"Ya")/5*100) | I43: =IF(COUNTA(I44:I48)=0,"",COUNTIF(I44:I48,"Ya")/5*100) | J43: =IF(COUNTA(J44:J48)=0,"",COUNTIF(J44:J48,"Ya")/5*100) | K43: =IF(COUNTA(K44:K48)=0,"",COUNTIF(K44:K48,"Ya")/5*100) | L43: =IF(COUNTA(L44:L48)=0,"",COUNTIF(L44:L48,"Ya")/5*100) | ... Y43: =IF(COUNTA(Y44:Y48)=0,"",COUNTIF(Y44:Y48,"Ya")/5*100) | Z43: =_xlfn.IFERROR(AVERAGE(E43:Y43),"")
B44: C7a | C44: Kecamatan menyusun laporan pertanggungjawaban (LPJ) layanan adminduk secara berkala
B45: C7b | C45: LPJ mencakup capaian SIBISA, jemput bola, dan loket manual
B46: C7c | C46: LPJ disampaikan kepada atasan/instansi terkait sesuai jadwal yang ditetapkan
B47: C7d | C47: Ringkasan LPJ juga dikomunikasikan kepada masyarakat, tidak hanya internal
B48: C7e | C48: LPJ periode-periode sebelumnya terarsip dan dapat ditelusuri
C49: SKOR SUB-VARIABEL: Akuntabilitas | D49: 18.75 | E49: =IF((IF(ISNUMBER(E31),6.25,0)+IF(ISNUMBER(E37),6.25,0)+IF(ISNUMBER(E43),6.25,0))=0,"",(IF(ISNUMBER(E31),E31*6.25,0)+IF(ISNUMBER(E37),E37*6.25,0)+IF(ISNUMBER(E43),E43*6.25,0))/(IF(ISNUMBER(E31),6.25,0)+IF(ISNUMBER(E37),6.25,0)+IF(ISNUMBER(E43),6.25,0))) | F49: =IF((IF(ISNUMBER(F31),6.25,0)+IF(ISNUMBER(F37),6.25,0)+IF(ISNUMBER(F43),6.25,0))=0,"",(IF(ISNUMBER(F31),F31*6.25,0)+IF(ISNUMBER(F37),F37*6.25,0)+IF(ISNUMBER(F43),F43*6.25,0))/(IF(ISNUMBER(F31),6.25,0)+IF(ISNUMBER(F37),6.25,0)+IF(ISNUMBER(F43),6.25,0))) | G49: =IF((IF(ISNUMBER(G31),6.25,0)+IF(ISNUMBER(G37),6.25,0)+IF(ISNUMBER(G43),6.25,0))=0,"",(IF(ISNUMBER(G31),G31*6.25,0)+IF(ISNUMBER(G37),G37*6.25,0)+IF(ISNUMBER(G43),G43*6.25,0))/(IF(ISNUMBER(G31),6.25,0)+IF(ISNUMBER(G37),6.25,0)+IF(ISNUMBER(G43),6.25,0))) | H49: =IF((IF(ISNUMBER(H31),6.25,0)+IF(ISNUMBER(H37),6.25,0)+IF(ISNUMBER(H43),6.25,0))=0,"",(IF(ISNUMBER(H31),H31*6.25,0)+IF(ISNUMBER(H37),H37*6.25,0)+IF(ISNUMBER(H43),H43*6.25,0))/(IF(ISNUMBER(H31),6.25,0)+IF(ISNUMBER(H37),6.25,0)+IF(ISNUMBER(H43),6.25,0))) | I49: =IF((IF(ISNUMBER(I31),6.25,0)+IF(ISNUMBER(I37),6.25,0)+IF(ISNUMBER(I43),6.25,0))=0,"",(IF(ISNUMBER(I31),I31*6.25,0)+IF(ISNUMBER(I37),I37*6.25,0)+IF(ISNUMBER(I43),I43*6.25,0))/(IF(ISNUMBER(I31),6.25,0)+IF(ISNUMBER(I37),6.25,0)+IF(ISNUMBER(I43),6.25,0))) | J49: =IF((IF(ISNUMBER(J31),6.25,0)+IF(ISNUMBER(J37),6.25,0)+IF(ISNUMBER(J43),6.25,0))=0,"",(IF(ISNUMBER(J31),J31*6.25,0)+IF(ISNUMBER(J37),J37*6.25,0)+IF(ISNUMBER(J43),J43*6.25,0))/(IF(ISNUMBER(J31),6.25,0)+IF(ISNUMBER(J37),6.25,0)+IF(ISNUMBER(J43),6.25,0))) | K49: =IF((IF(ISNUMBER(K31),6.25,0)+IF(ISNUMBER(K37),6.25,0)+IF(ISNUMBER(K43),6.25,0))=0,"",(IF(ISNUMBER(K31),K31*6.25,0)+IF(ISNUMBER(K37),K37*6.25,0)+IF(ISNUMBER(K43),K43*6.25,0))/(IF(ISNUMBER(K31),6.25,0)+IF(ISNUMBER(K37),6.25,0)+IF(ISNUMBER(K43),6.25,0))) | L49: =IF((IF(ISNUMBER(L31),6.25,0)+IF(ISNUMBER(L37),6.25,0)+IF(ISNUMBER(L43),6.25,0))=0,"",(IF(ISNUMBER(L31),L31*6.25,0)+IF(ISNUMBER(L37),L37*6.25,0)+IF(ISNUMBER(L43),L43*6.25,0))/(IF(ISNUMBER(L31),6.25,0)+IF(ISNUMBER(L37),6.25,0)+IF(ISNUMBER(L43),6.25,0))) | ... Y49: =IF((IF(ISNUMBER(Y31),6.25,0)+IF(ISNUMBER(Y37),6.25,0)+IF(ISNUMBER(Y43),6.25,0))=0,"",(IF(ISNUMBER(Y31),Y31*6.25,0)+IF(ISNUMBER(Y37),Y37*6.25,0)+IF(ISNUMBER(Y43),Y43*6.25,0))/(IF(ISNUMBER(Y31),6.25,0)+IF(ISNUMBER(Y37),6.25,0)+IF(ISNUMBER(Y43),6.25,0))) | Z49: =_xlfn.IFERROR(AVERAGE(E49:Y49),"")
A50: SUB-VARIABEL: Partisipasi Publik — Kolaborasi Komunitas & Keterlibatan Warga [D2]
B51: C8 | C51: Kecamatan aktif melibatkan komunitas (PKK, Karang Taruna, RT/RW, tokoh masyarakat) dalam pengawasan kebersihan TPS & gotong royong | D51: 6.25 | E51: =IF(COUNTA(E52:E56)=0,"",COUNTIF(E52:E56,"Ya")/5*100) | F51: =IF(COUNTA(F52:F56)=0,"",COUNTIF(F52:F56,"Ya")/5*100) | G51: =IF(COUNTA(G52:G56)=0,"",COUNTIF(G52:G56,"Ya")/5*100) | H51: =IF(COUNTA(H52:H56)=0,"",COUNTIF(H52:H56,"Ya")/5*100) | I51: =IF(COUNTA(I52:I56)=0,"",COUNTIF(I52:I56,"Ya")/5*100) | J51: =IF(COUNTA(J52:J56)=0,"",COUNTIF(J52:J56,"Ya")/5*100) | K51: =IF(COUNTA(K52:K56)=0,"",COUNTIF(K52:K56,"Ya")/5*100) | L51: =IF(COUNTA(L52:L56)=0,"",COUNTIF(L52:L56,"Ya")/5*100) | ... Y51: =IF(COUNTA(Y52:Y56)=0,"",COUNTIF(Y52:Y56,"Ya")/5*100) | Z51: =_xlfn.IFERROR(AVERAGE(E51:Y51),"")
B52: C8a | C52: Kecamatan memiliki daftar komunitas mitra (PKK, Karang Taruna, RT/RW, tokoh masyarakat)
B53: C8b | C53: Komunitas tersebut dilibatkan/diundang dalam kegiatan gotong royong
B54: C8c | C54: Komunitas diberi peran dalam pengawasan kebersihan TPS, bukan hanya penonton
B55: C8d | C55: Keterlibatan tersebut terjadi secara rutin/berulang, bukan satu kali insidental
B56: C8e | C56: Tersedia dokumentasi keterlibatan komunitas (daftar hadir/laporan kegiatan bersama)
B57: C9 | C57: Forum warga (musrenbang, rembug kelurahan) mengagendakan isu persampahan: kondisi TPS, rute pengangkutan, penambahan armada | D57: 6.25 | E57: =IF(COUNTA(E58:E62)=0,"",COUNTIF(E58:E62,"Ya")/5*100) | F57: =IF(COUNTA(F58:F62)=0,"",COUNTIF(F58:F62,"Ya")/5*100) | G57: =IF(COUNTA(G58:G62)=0,"",COUNTIF(G58:G62,"Ya")/5*100) | H57: =IF(COUNTA(H58:H62)=0,"",COUNTIF(H58:H62,"Ya")/5*100) | I57: =IF(COUNTA(I58:I62)=0,"",COUNTIF(I58:I62,"Ya")/5*100) | J57: =IF(COUNTA(J58:J62)=0,"",COUNTIF(J58:J62,"Ya")/5*100) | K57: =IF(COUNTA(K58:K62)=0,"",COUNTIF(K58:K62,"Ya")/5*100) | L57: =IF(COUNTA(L58:L62)=0,"",COUNTIF(L58:L62,"Ya")/5*100) | ... Y57: =IF(COUNTA(Y58:Y62)=0,"",COUNTIF(Y58:Y62,"Ya")/5*100) | Z57: =_xlfn.IFERROR(AVERAGE(E57:Y57),"")
B58: C9a | C58: Kecamatan/kelurahan menyelenggarakan forum musrenbang/rembug kelurahan secara rutin
B59: C9b | C59: Isu persampahan (kondisi TPS, rute, armada) masuk dalam agenda forum tersebut
B60: C9c | C60: Usulan warga terkait persampahan dari forum tercatat dalam risalah/notulen
B61: C9d | C61: Terdapat tindak lanjut nyata atas usulan warga terkait persampahan dari forum sebelumnya
B62: C9e | C62: Notulen/dokumentasi forum yang membahas isu persampahan terarsip dan dapat diverifikasi
B63: C10 | C63: Warga dilibatkan dalam perencanaan & evaluasi program adminduk di kecamatan (SIBISA, jadwal jemput bola, kemudahan akses dokumen) | D63: 6.25 | E63: =IF(COUNTA(E64:E68)=0,"",COUNTIF(E64:E68,"Ya")/5*100) | F63: =IF(COUNTA(F64:F68)=0,"",COUNTIF(F64:F68,"Ya")/5*100) | G63: =IF(COUNTA(G64:G68)=0,"",COUNTIF(G64:G68,"Ya")/5*100) | H63: =IF(COUNTA(H64:H68)=0,"",COUNTIF(H64:H68,"Ya")/5*100) | I63: =IF(COUNTA(I64:I68)=0,"",COUNTIF(I64:I68,"Ya")/5*100) | J63: =IF(COUNTA(J64:J68)=0,"",COUNTIF(J64:J68,"Ya")/5*100) | K63: =IF(COUNTA(K64:K68)=0,"",COUNTIF(K64:K68,"Ya")/5*100) | L63: =IF(COUNTA(L64:L68)=0,"",COUNTIF(L64:L68,"Ya")/5*100) | ... Y63: =IF(COUNTA(Y64:Y68)=0,"",COUNTIF(Y64:Y68,"Ya")/5*100) | Z63: =_xlfn.IFERROR(AVERAGE(E63:Y63),"")
B64: C10a | C64: Kecamatan pernah meminta masukan warga terkait pelaksanaan SIBISA/jemput bola
B65: C10b | C65: Masukan warga tersebut dikumpulkan melalui mekanisme yang jelas (survei/forum/kotak saran)
B66: C10c | C66: Masukan warga didokumentasikan dan dianalisis oleh kecamatan
B67: C10d | C67: Terdapat perubahan/perbaikan layanan adminduk yang merupakan hasil masukan warga
B68: C10e | C68: Warga mengetahui/menyadari bahwa masukan mereka ditindaklanjuti, dikonfirmasi via wawancara
C69: SKOR SUB-VARIABEL: Partisipasi Publik | D69: 18.75 | E69: =IF((IF(ISNUMBER(E51),6.25,0)+IF(ISNUMBER(E57),6.25,0)+IF(ISNUMBER(E63),6.25,0))=0,"",(IF(ISNUMBER(E51),E51*6.25,0)+IF(ISNUMBER(E57),E57*6.25,0)+IF(ISNUMBER(E63),E63*6.25,0))/(IF(ISNUMBER(E51),6.25,0)+IF(ISNUMBER(E57),6.25,0)+IF(ISNUMBER(E63),6.25,0))) | F69: =IF((IF(ISNUMBER(F51),6.25,0)+IF(ISNUMBER(F57),6.25,0)+IF(ISNUMBER(F63),6.25,0))=0,"",(IF(ISNUMBER(F51),F51*6.25,0)+IF(ISNUMBER(F57),F57*6.25,0)+IF(ISNUMBER(F63),F63*6.25,0))/(IF(ISNUMBER(F51),6.25,0)+IF(ISNUMBER(F57),6.25,0)+IF(ISNUMBER(F63),6.25,0))) | G69: =IF((IF(ISNUMBER(G51),6.25,0)+IF(ISNUMBER(G57),6.25,0)+IF(ISNUMBER(G63),6.25,0))=0,"",(IF(ISNUMBER(G51),G51*6.25,0)+IF(ISNUMBER(G57),G57*6.25,0)+IF(ISNUMBER(G63),G63*6.25,0))/(IF(ISNUMBER(G51),6.25,0)+IF(ISNUMBER(G57),6.25,0)+IF(ISNUMBER(G63),6.25,0))) | H69: =IF((IF(ISNUMBER(H51),6.25,0)+IF(ISNUMBER(H57),6.25,0)+IF(ISNUMBER(H63),6.25,0))=0,"",(IF(ISNUMBER(H51),H51*6.25,0)+IF(ISNUMBER(H57),H57*6.25,0)+IF(ISNUMBER(H63),H63*6.25,0))/(IF(ISNUMBER(H51),6.25,0)+IF(ISNUMBER(H57),6.25,0)+IF(ISNUMBER(H63),6.25,0))) | I69: =IF((IF(ISNUMBER(I51),6.25,0)+IF(ISNUMBER(I57),6.25,0)+IF(ISNUMBER(I63),6.25,0))=0,"",(IF(ISNUMBER(I51),I51*6.25,0)+IF(ISNUMBER(I57),I57*6.25,0)+IF(ISNUMBER(I63),I63*6.25,0))/(IF(ISNUMBER(I51),6.25,0)+IF(ISNUMBER(I57),6.25,0)+IF(ISNUMBER(I63),6.25,0))) | J69: =IF((IF(ISNUMBER(J51),6.25,0)+IF(ISNUMBER(J57),6.25,0)+IF(ISNUMBER(J63),6.25,0))=0,"",(IF(ISNUMBER(J51),J51*6.25,0)+IF(ISNUMBER(J57),J57*6.25,0)+IF(ISNUMBER(J63),J63*6.25,0))/(IF(ISNUMBER(J51),6.25,0)+IF(ISNUMBER(J57),6.25,0)+IF(ISNUMBER(J63),6.25,0))) | K69: =IF((IF(ISNUMBER(K51),6.25,0)+IF(ISNUMBER(K57),6.25,0)+IF(ISNUMBER(K63),6.25,0))=0,"",(IF(ISNUMBER(K51),K51*6.25,0)+IF(ISNUMBER(K57),K57*6.25,0)+IF(ISNUMBER(K63),K63*6.25,0))/(IF(ISNUMBER(K51),6.25,0)+IF(ISNUMBER(K57),6.25,0)+IF(ISNUMBER(K63),6.25,0))) | L69: =IF((IF(ISNUMBER(L51),6.25,0)+IF(ISNUMBER(L57),6.25,0)+IF(ISNUMBER(L63),6.25,0))=0,"",(IF(ISNUMBER(L51),L51*6.25,0)+IF(ISNUMBER(L57),L57*6.25,0)+IF(ISNUMBER(L63),L63*6.25,0))/(IF(ISNUMBER(L51),6.25,0)+IF(ISNUMBER(L57),6.25,0)+IF(ISNUMBER(L63),6.25,0))) | ... Y69: =IF((IF(ISNUMBER(Y51),6.25,0)+IF(ISNUMBER(Y57),6.25,0)+IF(ISNUMBER(Y63),6.25,0))=0,"",(IF(ISNUMBER(Y51),Y51*6.25,0)+IF(ISNUMBER(Y57),Y57*6.25,0)+IF(ISNUMBER(Y63),Y63*6.25,0))/(IF(ISNUMBER(Y51),6.25,0)+IF(ISNUMBER(Y57),6.25,0)+IF(ISNUMBER(Y63),6.25,0))) | Z69: =_xlfn.IFERROR(AVERAGE(E69:Y69),"")
A70: SUB-VARIABEL: Supremasi Hukum — Kepatuhan Regulasi & SOP [D2]
B71: C11 | C71: Pengelolaan TPS/Bank Sampah mengacu pada Perda/Perwali kebersihan, SOP teknis yang ditetapkan, dan standar kesehatan lingkungan | D71: 6.25 | E71: =IF(COUNTA(E72:E76)=0,"",COUNTIF(E72:E76,"Ya")/5*100) | F71: =IF(COUNTA(F72:F76)=0,"",COUNTIF(F72:F76,"Ya")/5*100) | G71: =IF(COUNTA(G72:G76)=0,"",COUNTIF(G72:G76,"Ya")/5*100) | H71: =IF(COUNTA(H72:H76)=0,"",COUNTIF(H72:H76,"Ya")/5*100) | I71: =IF(COUNTA(I72:I76)=0,"",COUNTIF(I72:I76,"Ya")/5*100) | J71: =IF(COUNTA(J72:J76)=0,"",COUNTIF(J72:J76,"Ya")/5*100) | K71: =IF(COUNTA(K72:K76)=0,"",COUNTIF(K72:K76,"Ya")/5*100) | L71: =IF(COUNTA(L72:L76)=0,"",COUNTIF(L72:L76,"Ya")/5*100) | ... Y71: =IF(COUNTA(Y72:Y76)=0,"",COUNTIF(Y72:Y76,"Ya")/5*100) | Z71: =_xlfn.IFERROR(AVERAGE(E71:Y71),"")
B72: C11a | C72: Kecamatan/kelurahan mengetahui dan memiliki salinan Perda/Perwali kebersihan yang berlaku
B73: C11b | C73: SOP teknis pengelolaan TPS tersedia secara tertulis di tingkat kecamatan/kelurahan
B74: C11c | C74: Praktik pengelolaan TPS di lapangan sesuai dengan SOP yang ditetapkan, diverifikasi saat kunjungan
B75: C11d | C75: Tidak ditemukan pelanggaran standar kesehatan lingkungan yang signifikan di TPS
B76: C11e | C76: Tersedia bukti pembinaan/pengawasan kepatuhan terhadap Perda/Perwali yang terdokumentasi
B77: C12 | C77: Penerbitan dokumen kependudukan melalui SIBISA maupun loket manual sepenuhnya mengikuti ketentuan Disdukcapil & regulasi adminduk yang berlaku | D77: 6.25 | E77: =IF(COUNTA(E78:E82)=0,"",COUNTIF(E78:E82,"Ya")/5*100) | F77: =IF(COUNTA(F78:F82)=0,"",COUNTIF(F78:F82,"Ya")/5*100) | G77: =IF(COUNTA(G78:G82)=0,"",COUNTIF(G78:G82,"Ya")/5*100) | H77: =IF(COUNTA(H78:H82)=0,"",COUNTIF(H78:H82,"Ya")/5*100) | I77: =IF(COUNTA(I78:I82)=0,"",COUNTIF(I78:I82,"Ya")/5*100) | J77: =IF(COUNTA(J78:J82)=0,"",COUNTIF(J78:J82,"Ya")/5*100) | K77: =IF(COUNTA(K78:K82)=0,"",COUNTIF(K78:K82,"Ya")/5*100) | L77: =IF(COUNTA(L78:L82)=0,"",COUNTIF(L78:L82,"Ya")/5*100) | ... Y77: =IF(COUNTA(Y78:Y82)=0,"",COUNTIF(Y78:Y82,"Ya")/5*100) | Z77: =_xlfn.IFERROR(AVERAGE(E77:Y77),"")
B78: C12a | C78: Petugas mengetahui dan memiliki acuan ketentuan/regulasi Disdukcapil yang berlaku
B79: C12b | C79: Prosedur penerbitan dokumen di lapangan sesuai dengan ketentuan tersebut
B80: C12c | C80: Tidak ditemukan penyimpangan prosedur, seperti pungutan liar atau pemalsuan, dalam sampel dokumen yang diperiksa
B81: C12d | C81: Petugas mengikuti pembaruan regulasi/ketentuan terbaru dari Disdukcapil, ada bukti sosialisasi internal
B82: C12e | C82: Tersedia mekanisme pengawasan/audit kepatuhan regulasi yang terdokumentasi
C83: SKOR SUB-VARIABEL: Supremasi Hukum | D83: 12.5 | E83: =IF((IF(ISNUMBER(E71),6.25,0)+IF(ISNUMBER(E77),6.25,0))=0,"",(IF(ISNUMBER(E71),E71*6.25,0)+IF(ISNUMBER(E77),E77*6.25,0))/(IF(ISNUMBER(E71),6.25,0)+IF(ISNUMBER(E77),6.25,0))) | F83: =IF((IF(ISNUMBER(F71),6.25,0)+IF(ISNUMBER(F77),6.25,0))=0,"",(IF(ISNUMBER(F71),F71*6.25,0)+IF(ISNUMBER(F77),F77*6.25,0))/(IF(ISNUMBER(F71),6.25,0)+IF(ISNUMBER(F77),6.25,0))) | G83: =IF((IF(ISNUMBER(G71),6.25,0)+IF(ISNUMBER(G77),6.25,0))=0,"",(IF(ISNUMBER(G71),G71*6.25,0)+IF(ISNUMBER(G77),G77*6.25,0))/(IF(ISNUMBER(G71),6.25,0)+IF(ISNUMBER(G77),6.25,0))) | H83: =IF((IF(ISNUMBER(H71),6.25,0)+IF(ISNUMBER(H77),6.25,0))=0,"",(IF(ISNUMBER(H71),H71*6.25,0)+IF(ISNUMBER(H77),H77*6.25,0))/(IF(ISNUMBER(H71),6.25,0)+IF(ISNUMBER(H77),6.25,0))) | I83: =IF((IF(ISNUMBER(I71),6.25,0)+IF(ISNUMBER(I77),6.25,0))=0,"",(IF(ISNUMBER(I71),I71*6.25,0)+IF(ISNUMBER(I77),I77*6.25,0))/(IF(ISNUMBER(I71),6.25,0)+IF(ISNUMBER(I77),6.25,0))) | J83: =IF((IF(ISNUMBER(J71),6.25,0)+IF(ISNUMBER(J77),6.25,0))=0,"",(IF(ISNUMBER(J71),J71*6.25,0)+IF(ISNUMBER(J77),J77*6.25,0))/(IF(ISNUMBER(J71),6.25,0)+IF(ISNUMBER(J77),6.25,0))) | K83: =IF((IF(ISNUMBER(K71),6.25,0)+IF(ISNUMBER(K77),6.25,0))=0,"",(IF(ISNUMBER(K71),K71*6.25,0)+IF(ISNUMBER(K77),K77*6.25,0))/(IF(ISNUMBER(K71),6.25,0)+IF(ISNUMBER(K77),6.25,0))) | L83: =IF((IF(ISNUMBER(L71),6.25,0)+IF(ISNUMBER(L77),6.25,0))=0,"",(IF(ISNUMBER(L71),L71*6.25,0)+IF(ISNUMBER(L77),L77*6.25,0))/(IF(ISNUMBER(L71),6.25,0)+IF(ISNUMBER(L77),6.25,0))) | ... Y83: =IF((IF(ISNUMBER(Y71),6.25,0)+IF(ISNUMBER(Y77),6.25,0))=0,"",(IF(ISNUMBER(Y71),Y71*6.25,0)+IF(ISNUMBER(Y77),Y77*6.25,0))/(IF(ISNUMBER(Y71),6.25,0)+IF(ISNUMBER(Y77),6.25,0))) | Z83: =_xlfn.IFERROR(AVERAGE(E83:Y83),"")
A84: SKOR KUESIONER C (BLOK, 0-100) | E84: =IF((IF(ISNUMBER(E5),6.25,0)+IF(ISNUMBER(E11),6.25,0)+IF(ISNUMBER(E17),6.25,0)+IF(ISNUMBER(E23),6.25,0)+IF(ISNUMBER(E31),6.25,0)+IF(ISNUMBER(E37),6.25,0)+IF(ISNUMBER(E43),6.25,0)+IF(ISNUMBER(E51),6.25,0)+IF(ISNUMBER(E57),6.25,0)+IF(ISNUMBER(E63),6.25,0)+IF(ISNUMBER(E71),6.25,0)+IF(ISNUMBER(E77),6.25,0))=0,"",(IF(ISNUMBER(E5),E5*6.25,0)+IF(ISNUMBER(E11),E11*6.25,0)+IF(ISNUMBER(E17),E17*6.25,0)+IF(ISNUMBER(E23),E23*6.25,0)+IF(ISNUMBER(E31),E31*6.25,0)+IF(ISNUMBER(E37),E37*6.25,0)+IF(ISNUMBER(E43),E43*6.25,0)+IF(ISNUMBER(E51),E51*6.25,0)+IF(ISNUMBER(E57),E57*6.25,0)+IF(ISNUMBER(E63),E63*6.25,0)+IF(ISNUMBER(E71),E71*6.25,0)+IF(ISNUMBER(E77),E77*6.25,0))/(IF(ISNUMBER(E5),6.25,0)+IF(ISNUMBER(E11),6.25,0)+IF(ISNUMBER(E17),6.25,0)+IF(ISNUMBER(E23),6.25,0)+IF(ISNUMBER(E31),6.25,0)+IF(ISNUMBER(E37),6.25,0)+IF(ISNUMBER(E43),6.25,0)+IF(ISNUMBER(E51),6.25,0)+IF(ISNUMBER(E57),6.25,0)+IF(ISNUMBER(E63),6.25,0)+IF(ISNUMBER(E71),6.25,0)+IF(ISNUMBER(E77),6.25,0))) | F84: =IF((IF(ISNUMBER(F5),6.25,0)+IF(ISNUMBER(F11),6.25,0)+IF(ISNUMBER(F17),6.25,0)+IF(ISNUMBER(F23),6.25,0)+IF(ISNUMBER(F31),6.25,0)+IF(ISNUMBER(F37),6.25,0)+IF(ISNUMBER(F43),6.25,0)+IF(ISNUMBER(F51),6.25,0)+IF(ISNUMBER(F57),6.25,0)+IF(ISNUMBER(F63),6.25,0)+IF(ISNUMBER(F71),6.25,0)+IF(ISNUMBER(F77),6.25,0))=0,"",(IF(ISNUMBER(F5),F5*6.25,0)+IF(ISNUMBER(F11),F11*6.25,0)+IF(ISNUMBER(F17),F17*6.25,0)+IF(ISNUMBER(F23),F23*6.25,0)+IF(ISNUMBER(F31),F31*6.25,0)+IF(ISNUMBER(F37),F37*6.25,0)+IF(ISNUMBER(F43),F43*6.25,0)+IF(ISNUMBER(F51),F51*6.25,0)+IF(ISNUMBER(F57),F57*6.25,0)+IF(ISNUMBER(F63),F63*6.25,0)+IF(ISNUMBER(F71),F71*6.25,0)+IF(ISNUMBER(F77),F77*6.25,0))/(IF(ISNUMBER(F5),6.25,0)+IF(ISNUMBER(F11),6.25,0)+IF(ISNUMBER(F17),6.25,0)+IF(ISNUMBER(F23),6.25,0)+IF(ISNUMBER(F31),6.25,0)+IF(ISNUMBER(F37),6.25,0)+IF(ISNUMBER(F43),6.25,0)+IF(ISNUMBER(F51),6.25,0)+IF(ISNUMBER(F57),6.25,0)+IF(ISNUMBER(F63),6.25,0)+IF(ISNUMBER(F71),6.25,0)+IF(ISNUMBER(F77),6.25,0))) | G84: =IF((IF(ISNUMBER(G5),6.25,0)+IF(ISNUMBER(G11),6.25,0)+IF(ISNUMBER(G17),6.25,0)+IF(ISNUMBER(G23),6.25,0)+IF(ISNUMBER(G31),6.25,0)+IF(ISNUMBER(G37),6.25,0)+IF(ISNUMBER(G43),6.25,0)+IF(ISNUMBER(G51),6.25,0)+IF(ISNUMBER(G57),6.25,0)+IF(ISNUMBER(G63),6.25,0)+IF(ISNUMBER(G71),6.25,0)+IF(ISNUMBER(G77),6.25,0))=0,"",(IF(ISNUMBER(G5),G5*6.25,0)+IF(ISNUMBER(G11),G11*6.25,0)+IF(ISNUMBER(G17),G17*6.25,0)+IF(ISNUMBER(G23),G23*6.25,0)+IF(ISNUMBER(G31),G31*6.25,0)+IF(ISNUMBER(G37),G37*6.25,0)+IF(ISNUMBER(G43),G43*6.25,0)+IF(ISNUMBER(G51),G51*6.25,0)+IF(ISNUMBER(G57),G57*6.25,0)+IF(ISNUMBER(G63),G63*6.25,0)+IF(ISNUMBER(G71),G71*6.25,0)+IF(ISNUMBER(G77),G77*6.25,0))/(IF(ISNUMBER(G5),6.25,0)+IF(ISNUMBER(G11),6.25,0)+IF(ISNUMBER(G17),6.25,0)+IF(ISNUMBER(G23),6.25,0)+IF(ISNUMBER(G31),6.25,0)+IF(ISNUMBER(G37),6.25,0)+IF(ISNUMBER(G43),6.25,0)+IF(ISNUMBER(G51),6.25,0)+IF(ISNUMBER(G57),6.25,0)+IF(ISNUMBER(G63),6.25,0)+IF(ISNUMBER(G71),6.25,0)+IF(ISNUMBER(G77),6.25,0))) | H84: =IF((IF(ISNUMBER(H5),6.25,0)+IF(ISNUMBER(H11),6.25,0)+IF(ISNUMBER(H17),6.25,0)+IF(ISNUMBER(H23),6.25,0)+IF(ISNUMBER(H31),6.25,0)+IF(ISNUMBER(H37),6.25,0)+IF(ISNUMBER(H43),6.25,0)+IF(ISNUMBER(H51),6.25,0)+IF(ISNUMBER(H57),6.25,0)+IF(ISNUMBER(H63),6.25,0)+IF(ISNUMBER(H71),6.25,0)+IF(ISNUMBER(H77),6.25,0))=0,"",(IF(ISNUMBER(H5),H5*6.25,0)+IF(ISNUMBER(H11),H11*6.25,0)+IF(ISNUMBER(H17),H17*6.25,0)+IF(ISNUMBER(H23),H23*6.25,0)+IF(ISNUMBER(H31),H31*6.25,0)+IF(ISNUMBER(H37),H37*6.25,0)+IF(ISNUMBER(H43),H43*6.25,0)+IF(ISNUMBER(H51),H51*6.25,0)+IF(ISNUMBER(H57),H57*6.25,0)+IF(ISNUMBER(H63),H63*6.25,0)+IF(ISNUMBER(H71),H71*6.25,0)+IF(ISNUMBER(H77),H77*6.25,0))/(IF(ISNUMBER(H5),6.25,0)+IF(ISNUMBER(H11),6.25,0)+IF(ISNUMBER(H17),6.25,0)+IF(ISNUMBER(H23),6.25,0)+IF(ISNUMBER(H31),6.25,0)+IF(ISNUMBER(H37),6.25,0)+IF(ISNUMBER(H43),6.25,0)+IF(ISNUMBER(H51),6.25,0)+IF(ISNUMBER(H57),6.25,0)+IF(ISNUMBER(H63),6.25,0)+IF(ISNUMBER(H71),6.25,0)+IF(ISNUMBER(H77),6.25,0))) | I84: =IF((IF(ISNUMBER(I5),6.25,0)+IF(ISNUMBER(I11),6.25,0)+IF(ISNUMBER(I17),6.25,0)+IF(ISNUMBER(I23),6.25,0)+IF(ISNUMBER(I31),6.25,0)+IF(ISNUMBER(I37),6.25,0)+IF(ISNUMBER(I43),6.25,0)+IF(ISNUMBER(I51),6.25,0)+IF(ISNUMBER(I57),6.25,0)+IF(ISNUMBER(I63),6.25,0)+IF(ISNUMBER(I71),6.25,0)+IF(ISNUMBER(I77),6.25,0))=0,"",(IF(ISNUMBER(I5),I5*6.25,0)+IF(ISNUMBER(I11),I11*6.25,0)+IF(ISNUMBER(I17),I17*6.25,0)+IF(ISNUMBER(I23),I23*6.25,0)+IF(ISNUMBER(I31),I31*6.25,0)+IF(ISNUMBER(I37),I37*6.25,0)+IF(ISNUMBER(I43),I43*6.25,0)+IF(ISNUMBER(I51),I51*6.25,0)+IF(ISNUMBER(I57),I57*6.25,0)+IF(ISNUMBER(I63),I63*6.25,0)+IF(ISNUMBER(I71),I71*6.25,0)+IF(ISNUMBER(I77),I77*6.25,0))/(IF(ISNUMBER(I5),6.25,0)+IF(ISNUMBER(I11),6.25,0)+IF(ISNUMBER(I17),6.25,0)+IF(ISNUMBER(I23),6.25,0)+IF(ISNUMBER(I31),6.25,0)+IF(ISNUMBER(I37),6.25,0)+IF(ISNUMBER(I43),6.25,0)+IF(ISNUMBER(I51),6.25,0)+IF(ISNUMBER(I57),6.25,0)+IF(ISNUMBER(I63),6.25,0)+IF(ISNUMBER(I71),6.25,0)+IF(ISNUMBER(I77),6.25,0))) | J84: =IF((IF(ISNUMBER(J5),6.25,0)+IF(ISNUMBER(J11),6.25,0)+IF(ISNUMBER(J17),6.25,0)+IF(ISNUMBER(J23),6.25,0)+IF(ISNUMBER(J31),6.25,0)+IF(ISNUMBER(J37),6.25,0)+IF(ISNUMBER(J43),6.25,0)+IF(ISNUMBER(J51),6.25,0)+IF(ISNUMBER(J57),6.25,0)+IF(ISNUMBER(J63),6.25,0)+IF(ISNUMBER(J71),6.25,0)+IF(ISNUMBER(J77),6.25,0))=0,"",(IF(ISNUMBER(J5),J5*6.25,0)+IF(ISNUMBER(J11),J11*6.25,0)+IF(ISNUMBER(J17),J17*6.25,0)+IF(ISNUMBER(J23),J23*6.25,0)+IF(ISNUMBER(J31),J31*6.25,0)+IF(ISNUMBER(J37),J37*6.25,0)+IF(ISNUMBER(J43),J43*6.25,0)+IF(ISNUMBER(J51),J51*6.25,0)+IF(ISNUMBER(J57),J57*6.25,0)+IF(ISNUMBER(J63),J63*6.25,0)+IF(ISNUMBER(J71),J71*6.25,0)+IF(ISNUMBER(J77),J77*6.25,0))/(IF(ISNUMBER(J5),6.25,0)+IF(ISNUMBER(J11),6.25,0)+IF(ISNUMBER(J17),6.25,0)+IF(ISNUMBER(J23),6.25,0)+IF(ISNUMBER(J31),6.25,0)+IF(ISNUMBER(J37),6.25,0)+IF(ISNUMBER(J43),6.25,0)+IF(ISNUMBER(J51),6.25,0)+IF(ISNUMBER(J57),6.25,0)+IF(ISNUMBER(J63),6.25,0)+IF(ISNUMBER(J71),6.25,0)+IF(ISNUMBER(J77),6.25,0))) | K84: =IF((IF(ISNUMBER(K5),6.25,0)+IF(ISNUMBER(K11),6.25,0)+IF(ISNUMBER(K17),6.25,0)+IF(ISNUMBER(K23),6.25,0)+IF(ISNUMBER(K31),6.25,0)+IF(ISNUMBER(K37),6.25,0)+IF(ISNUMBER(K43),6.25,0)+IF(ISNUMBER(K51),6.25,0)+IF(ISNUMBER(K57),6.25,0)+IF(ISNUMBER(K63),6.25,0)+IF(ISNUMBER(K71),6.25,0)+IF(ISNUMBER(K77),6.25,0))=0,"",(IF(ISNUMBER(K5),K5*6.25,0)+IF(ISNUMBER(K11),K11*6.25,0)+IF(ISNUMBER(K17),K17*6.25,0)+IF(ISNUMBER(K23),K23*6.25,0)+IF(ISNUMBER(K31),K31*6.25,0)+IF(ISNUMBER(K37),K37*6.25,0)+IF(ISNUMBER(K43),K43*6.25,0)+IF(ISNUMBER(K51),K51*6.25,0)+IF(ISNUMBER(K57),K57*6.25,0)+IF(ISNUMBER(K63),K63*6.25,0)+IF(ISNUMBER(K71),K71*6.25,0)+IF(ISNUMBER(K77),K77*6.25,0))/(IF(ISNUMBER(K5),6.25,0)+IF(ISNUMBER(K11),6.25,0)+IF(ISNUMBER(K17),6.25,0)+IF(ISNUMBER(K23),6.25,0)+IF(ISNUMBER(K31),6.25,0)+IF(ISNUMBER(K37),6.25,0)+IF(ISNUMBER(K43),6.25,0)+IF(ISNUMBER(K51),6.25,0)+IF(ISNUMBER(K57),6.25,0)+IF(ISNUMBER(K63),6.25,0)+IF(ISNUMBER(K71),6.25,0)+IF(ISNUMBER(K77),6.25,0))) | L84: =IF((IF(ISNUMBER(L5),6.25,0)+IF(ISNUMBER(L11),6.25,0)+IF(ISNUMBER(L17),6.25,0)+IF(ISNUMBER(L23),6.25,0)+IF(ISNUMBER(L31),6.25,0)+IF(ISNUMBER(L37),6.25,0)+IF(ISNUMBER(L43),6.25,0)+IF(ISNUMBER(L51),6.25,0)+IF(ISNUMBER(L57),6.25,0)+IF(ISNUMBER(L63),6.25,0)+IF(ISNUMBER(L71),6.25,0)+IF(ISNUMBER(L77),6.25,0))=0,"",(IF(ISNUMBER(L5),L5*6.25,0)+IF(ISNUMBER(L11),L11*6.25,0)+IF(ISNUMBER(L17),L17*6.25,0)+IF(ISNUMBER(L23),L23*6.25,0)+IF(ISNUMBER(L31),L31*6.25,0)+IF(ISNUMBER(L37),L37*6.25,0)+IF(ISNUMBER(L43),L43*6.25,0)+IF(ISNUMBER(L51),L51*6.25,0)+IF(ISNUMBER(L57),L57*6.25,0)+IF(ISNUMBER(L63),L63*6.25,0)+IF(ISNUMBER(L71),L71*6.25,0)+IF(ISNUMBER(L77),L77*6.25,0))/(IF(ISNUMBER(L5),6.25,0)+IF(ISNUMBER(L11),6.25,0)+IF(ISNUMBER(L17),6.25,0)+IF(ISNUMBER(L23),6.25,0)+IF(ISNUMBER(L31),6.25,0)+IF(ISNUMBER(L37),6.25,0)+IF(ISNUMBER(L43),6.25,0)+IF(ISNUMBER(L51),6.25,0)+IF(ISNUMBER(L57),6.25,0)+IF(ISNUMBER(L63),6.25,0)+IF(ISNUMBER(L71),6.25,0)+IF(ISNUMBER(L77),6.25,0))) | ... Y84: =IF((IF(ISNUMBER(Y5),6.25,0)+IF(ISNUMBER(Y11),6.25,0)+IF(ISNUMBER(Y17),6.25,0)+IF(ISNUMBER(Y23),6.25,0)+IF(ISNUMBER(Y31),6.25,0)+IF(ISNUMBER(Y37),6.25,0)+IF(ISNUMBER(Y43),6.25,0)+IF(ISNUMBER(Y51),6.25,0)+IF(ISNUMBER(Y57),6.25,0)+IF(ISNUMBER(Y63),6.25,0)+IF(ISNUMBER(Y71),6.25,0)+IF(ISNUMBER(Y77),6.25,0))=0,"",(IF(ISNUMBER(Y5),Y5*6.25,0)+IF(ISNUMBER(Y11),Y11*6.25,0)+IF(ISNUMBER(Y17),Y17*6.25,0)+IF(ISNUMBER(Y23),Y23*6.25,0)+IF(ISNUMBER(Y31),Y31*6.25,0)+IF(ISNUMBER(Y37),Y37*6.25,0)+IF(ISNUMBER(Y43),Y43*6.25,0)+IF(ISNUMBER(Y51),Y51*6.25,0)+IF(ISNUMBER(Y57),Y57*6.25,0)+IF(ISNUMBER(Y63),Y63*6.25,0)+IF(ISNUMBER(Y71),Y71*6.25,0)+IF(ISNUMBER(Y77),Y77*6.25,0))/(IF(ISNUMBER(Y5),6.25,0)+IF(ISNUMBER(Y11),6.25,0)+IF(ISNUMBER(Y17),6.25,0)+IF(ISNUMBER(Y23),6.25,0)+IF(ISNUMBER(Y31),6.25,0)+IF(ISNUMBER(Y37),6.25,0)+IF(ISNUMBER(Y43),6.25,0)+IF(ISNUMBER(Y51),6.25,0)+IF(ISNUMBER(Y57),6.25,0)+IF(ISNUMBER(Y63),6.25,0)+IF(ISNUMBER(Y71),6.25,0)+IF(ISNUMBER(Y77),6.25,0))) | Z84: =_xlfn.IFERROR(AVERAGE(E84:Y84),"")

Sheet Cek_D
A1: CEK_D — KUESIONER D — KEMATANGAN DIGITAL / SPBE (DIMENSI D4)
A2: Skala asli instrumen: 1–4 (Maturity). Isi kolom kecamatan (Ya/Tidak) pada baris sub-item (a-e) di bawah tiap indikator induk. Baris 'Skor' & 'SKOR SUBVAR'/'SKOR BLOK' terisi otomatis.
A3: No | B3: Kode | C3: Pernyataan / Uraian Indikator | D3: Bobot Asli (%) | E3: Tembung | F3: Belawan | G3: Marelan | H3: Amplas | I3: Perjuangan | J3: Deli | K3: Tuntungan | L3: Selayang | M3: Polonia | N3: Area | O3: Kota | P3: Baru | Q3: Johor | R3: Denai | S3: Labuhan | T3: Timur | U3: Barat | V3: Helvetia | W3: Sunggal | X3: Maimun | Y3: Petisah | Z3: Rata-rata Kota
A4: SUB-VARIABEL: Layanan Digital Adminduk — SIBISA & Integrasi Data [D4]
B5: D1 | C5: Kecamatan menggunakan SIBISA secara aktif untuk SEMUA layanan adminduk (KTP-el, KK, Akta Kelahiran, KIA) — bukan hanya sebagian | D5: 10 | E5: =IF(COUNTA(E6:E10)=0,"",COUNTIF(E6:E10,"Ya")/5*100) | F5: =IF(COUNTA(F6:F10)=0,"",COUNTIF(F6:F10,"Ya")/5*100) | G5: =IF(COUNTA(G6:G10)=0,"",COUNTIF(G6:G10,"Ya")/5*100) | H5: =IF(COUNTA(H6:H10)=0,"",COUNTIF(H6:H10,"Ya")/5*100) | I5: =IF(COUNTA(I6:I10)=0,"",COUNTIF(I6:I10,"Ya")/5*100) | J5: =IF(COUNTA(J6:J10)=0,"",COUNTIF(J6:J10,"Ya")/5*100) | K5: =IF(COUNTA(K6:K10)=0,"",COUNTIF(K6:K10,"Ya")/5*100) | L5: =IF(COUNTA(L6:L10)=0,"",COUNTIF(L6:L10,"Ya")/5*100) | ... Y5: =IF(COUNTA(Y6:Y10)=0,"",COUNTIF(Y6:Y10,"Ya")/5*100) | Z5: =_xlfn.IFERROR(AVERAGE(E5:Y5),"")
B6: D1a | C6: SIBISA digunakan untuk minimal satu jenis layanan adminduk
B7: D1b | C7: SIBISA digunakan untuk lebih dari satu jenis layanan, misalnya KTP-el dan KK
B8: D1c | C8: SIBISA digunakan untuk seluruh 4 jenis layanan: KTP-el, KK, Akta Kelahiran, dan KIA
B9: D1d | C9: Penggunaan SIBISA untuk seluruh layanan tersebut konsisten dalam 3 bulan terakhir, bukan uji coba sesaat
B10: D1e | C10: Tersedia data statistik penggunaan SIBISA per jenis layanan yang menunjukkan pemanfaatan aktif dan menyeluruh
B11: D2 | C11: Tersedia kanal digital resmi (website, medsos, WA Official) yang AKTIF untuk notifikasi jadwal jemput bola, status permohonan, dan info layanan | D11: 10 | E11: =IF(COUNTA(E12:E16)=0,"",COUNTIF(E12:E16,"Ya")/5*100) | F11: =IF(COUNTA(F12:F16)=0,"",COUNTIF(F12:F16,"Ya")/5*100) | G11: =IF(COUNTA(G12:G16)=0,"",COUNTIF(G12:G16,"Ya")/5*100) | H11: =IF(COUNTA(H12:H16)=0,"",COUNTIF(H12:H16,"Ya")/5*100) | I11: =IF(COUNTA(I12:I16)=0,"",COUNTIF(I12:I16,"Ya")/5*100) | J11: =IF(COUNTA(J12:J16)=0,"",COUNTIF(J12:J16,"Ya")/5*100) | K11: =IF(COUNTA(K12:K16)=0,"",COUNTIF(K12:K16,"Ya")/5*100) | L11: =IF(COUNTA(L12:L16)=0,"",COUNTIF(L12:L16,"Ya")/5*100) | ... Y11: =IF(COUNTA(Y12:Y16)=0,"",COUNTIF(Y12:Y16,"Ya")/5*100) | Z11: =_xlfn.IFERROR(AVERAGE(E11:Y11),"")
B12: D2a | C12: Kecamatan memiliki minimal satu kanal digital resmi (website/medsos/WA Official)
B13: D2b | C13: Kanal tersebut digunakan untuk menyampaikan notifikasi jadwal jemput bola
B14: D2c | C14: Kanal tersebut juga digunakan untuk info status permohonan dokumen
B15: D2d | C15: Kanal aktif memposting/merespons dalam 1 bulan terakhir, bukan kanal mati
B16: D2e | C16: Warga terkonfirmasi memanfaatkan kanal tersebut untuk memperoleh informasi, via wawancara/data interaksi
B17: D3 | C17: Integrasi data kependudukan dengan RS/klinik/puskesmas di wilayah kecamatan telah BERJALAN: warga dapat urus dokumen bersamaan kunjungan layanan kesehatan | D17: 10 | E17: =IF(COUNTA(E18:E22)=0,"",COUNTIF(E18:E22,"Ya")/5*100) | F17: =IF(COUNTA(F18:F22)=0,"",COUNTIF(F18:F22,"Ya")/5*100) | G17: =IF(COUNTA(G18:G22)=0,"",COUNTIF(G18:G22,"Ya")/5*100) | H17: =IF(COUNTA(H18:H22)=0,"",COUNTIF(H18:H22,"Ya")/5*100) | I17: =IF(COUNTA(I18:I22)=0,"",COUNTIF(I18:I22,"Ya")/5*100) | J17: =IF(COUNTA(J18:J22)=0,"",COUNTIF(J18:J22,"Ya")/5*100) | K17: =IF(COUNTA(K18:K22)=0,"",COUNTIF(K18:K22,"Ya")/5*100) | L17: =IF(COUNTA(L18:L22)=0,"",COUNTIF(L18:L22,"Ya")/5*100) | ... Y17: =IF(COUNTA(Y18:Y22)=0,"",COUNTIF(Y18:Y22,"Ya")/5*100) | Z17: =_xlfn.IFERROR(AVERAGE(E17:Y17),"")
B18: D3a | C18: Kerja sama/integrasi teknis dengan minimal satu RS/klinik/puskesmas telah disepakati
B19: D3b | C19: Sistem integrasi tersebut telah diuji dan berfungsi secara teknis
B20: D3c | C20: Warga benar-benar dapat mengurus dokumen kependudukan bersamaan kunjungan layanan kesehatan
B21: D3d | C21: Integrasi mencakup lebih dari satu fasilitas kesehatan di wilayah kecamatan
B22: D3e | C22: Tersedia data jumlah warga yang terlayani melalui skema integrasi ini secara berkala
B23: D4 | C23: Integrasi data kependudukan dengan sekolah & panti asuhan di wilayah kecamatan telah berjalan dan terdata sistematis dalam sistem terverifikasi | D23: 10 | E23: =IF(COUNTA(E24:E28)=0,"",COUNTIF(E24:E28,"Ya")/5*100) | F23: =IF(COUNTA(F24:F28)=0,"",COUNTIF(F24:F28,"Ya")/5*100) | G23: =IF(COUNTA(G24:G28)=0,"",COUNTIF(G24:G28,"Ya")/5*100) | H23: =IF(COUNTA(H24:H28)=0,"",COUNTIF(H24:H28,"Ya")/5*100) | I23: =IF(COUNTA(I24:I28)=0,"",COUNTIF(I24:I28,"Ya")/5*100) | J23: =IF(COUNTA(J24:J28)=0,"",COUNTIF(J24:J28,"Ya")/5*100) | K23: =IF(COUNTA(K24:K28)=0,"",COUNTIF(K24:K28,"Ya")/5*100) | L23: =IF(COUNTA(L24:L28)=0,"",COUNTIF(L24:L28,"Ya")/5*100) | ... Y23: =IF(COUNTA(Y24:Y28)=0,"",COUNTIF(Y24:Y28,"Ya")/5*100) | Z23: =_xlfn.IFERROR(AVERAGE(E23:Y23),"")
B24: D4a | C24: Kerja sama integrasi dengan minimal satu sekolah/panti asuhan telah disepakati
B25: D4b | C25: Sistem integrasi tersebut telah diuji dan berfungsi secara teknis
B26: D4c | C26: Data yang terintegrasi tersimpan dalam sistem yang terverifikasi, bukan pencatatan manual lepas
B27: D4d | C27: Integrasi mencakup lebih dari satu sekolah/panti asuhan di wilayah kecamatan
B28: D4e | C28: Tersedia laporan pemanfaatan integrasi ini yang diperbarui secara berkala
C29: SKOR SUB-VARIABEL: Digital Adminduk | D29: 40 | E29: =IF((IF(ISNUMBER(E5),10,0)+IF(ISNUMBER(E11),10,0)+IF(ISNUMBER(E17),10,0)+IF(ISNUMBER(E23),10,0))=0,"",(IF(ISNUMBER(E5),E5*10,0)+IF(ISNUMBER(E11),E11*10,0)+IF(ISNUMBER(E17),E17*10,0)+IF(ISNUMBER(E23),E23*10,0))/(IF(ISNUMBER(E5),10,0)+IF(ISNUMBER(E11),10,0)+IF(ISNUMBER(E17),10,0)+IF(ISNUMBER(E23),10,0))) | F29: =IF((IF(ISNUMBER(F5),10,0)+IF(ISNUMBER(F11),10,0)+IF(ISNUMBER(F17),10,0)+IF(ISNUMBER(F23),10,0))=0,"",(IF(ISNUMBER(F5),F5*10,0)+IF(ISNUMBER(F11),F11*10,0)+IF(ISNUMBER(F17),F17*10,0)+IF(ISNUMBER(F23),F23*10,0))/(IF(ISNUMBER(F5),10,0)+IF(ISNUMBER(F11),10,0)+IF(ISNUMBER(F17),10,0)+IF(ISNUMBER(F23),10,0))) | G29: =IF((IF(ISNUMBER(G5),10,0)+IF(ISNUMBER(G11),10,0)+IF(ISNUMBER(G17),10,0)+IF(ISNUMBER(G23),10,0))=0,"",(IF(ISNUMBER(G5),G5*10,0)+IF(ISNUMBER(G11),G11*10,0)+IF(ISNUMBER(G17),G17*10,0)+IF(ISNUMBER(G23),G23*10,0))/(IF(ISNUMBER(G5),10,0)+IF(ISNUMBER(G11),10,0)+IF(ISNUMBER(G17),10,0)+IF(ISNUMBER(G23),10,0))) | H29: =IF((IF(ISNUMBER(H5),10,0)+IF(ISNUMBER(H11),10,0)+IF(ISNUMBER(H17),10,0)+IF(ISNUMBER(H23),10,0))=0,"",(IF(ISNUMBER(H5),H5*10,0)+IF(ISNUMBER(H11),H11*10,0)+IF(ISNUMBER(H17),H17*10,0)+IF(ISNUMBER(H23),H23*10,0))/(IF(ISNUMBER(H5),10,0)+IF(ISNUMBER(H11),10,0)+IF(ISNUMBER(H17),10,0)+IF(ISNUMBER(H23),10,0))) | I29: =IF((IF(ISNUMBER(I5),10,0)+IF(ISNUMBER(I11),10,0)+IF(ISNUMBER(I17),10,0)+IF(ISNUMBER(I23),10,0))=0,"",(IF(ISNUMBER(I5),I5*10,0)+IF(ISNUMBER(I11),I11*10,0)+IF(ISNUMBER(I17),I17*10,0)+IF(ISNUMBER(I23),I23*10,0))/(IF(ISNUMBER(I5),10,0)+IF(ISNUMBER(I11),10,0)+IF(ISNUMBER(I17),10,0)+IF(ISNUMBER(I23),10,0))) | J29: =IF((IF(ISNUMBER(J5),10,0)+IF(ISNUMBER(J11),10,0)+IF(ISNUMBER(J17),10,0)+IF(ISNUMBER(J23),10,0))=0,"",(IF(ISNUMBER(J5),J5*10,0)+IF(ISNUMBER(J11),J11*10,0)+IF(ISNUMBER(J17),J17*10,0)+IF(ISNUMBER(J23),J23*10,0))/(IF(ISNUMBER(J5),10,0)+IF(ISNUMBER(J11),10,0)+IF(ISNUMBER(J17),10,0)+IF(ISNUMBER(J23),10,0))) | K29: =IF((IF(ISNUMBER(K5),10,0)+IF(ISNUMBER(K11),10,0)+IF(ISNUMBER(K17),10,0)+IF(ISNUMBER(K23),10,0))=0,"",(IF(ISNUMBER(K5),K5*10,0)+IF(ISNUMBER(K11),K11*10,0)+IF(ISNUMBER(K17),K17*10,0)+IF(ISNUMBER(K23),K23*10,0))/(IF(ISNUMBER(K5),10,0)+IF(ISNUMBER(K11),10,0)+IF(ISNUMBER(K17),10,0)+IF(ISNUMBER(K23),10,0))) | L29: =IF((IF(ISNUMBER(L5),10,0)+IF(ISNUMBER(L11),10,0)+IF(ISNUMBER(L17),10,0)+IF(ISNUMBER(L23),10,0))=0,"",(IF(ISNUMBER(L5),L5*10,0)+IF(ISNUMBER(L11),L11*10,0)+IF(ISNUMBER(L17),L17*10,0)+IF(ISNUMBER(L23),L23*10,0))/(IF(ISNUMBER(L5),10,0)+IF(ISNUMBER(L11),10,0)+IF(ISNUMBER(L17),10,0)+IF(ISNUMBER(L23),10,0))) | ... Y29: =IF((IF(ISNUMBER(Y5),10,0)+IF(ISNUMBER(Y11),10,0)+IF(ISNUMBER(Y17),10,0)+IF(ISNUMBER(Y23),10,0))=0,"",(IF(ISNUMBER(Y5),Y5*10,0)+IF(ISNUMBER(Y11),Y11*10,0)+IF(ISNUMBER(Y17),Y17*10,0)+IF(ISNUMBER(Y23),Y23*10,0))/(IF(ISNUMBER(Y5),10,0)+IF(ISNUMBER(Y11),10,0)+IF(ISNUMBER(Y17),10,0)+IF(ISNUMBER(Y23),10,0))) | Z29: =_xlfn.IFERROR(AVERAGE(E29:Y29),"")
A30: SUB-VARIABEL: Layanan Digital Persampahan — TPS, Pengangkutan & Gerakan Peduli Lingkungan [D4]
B31: D5 | C31: Tersedia sistem digital untuk pemantauan kapasitas & status TPS/Bank Sampah secara real-time (petugas dapat jadwalkan pengangkutan responsif) | D31: 10 | E31: =IF(COUNTA(E32:E36)=0,"",COUNTIF(E32:E36,"Ya")/5*100) | F31: =IF(COUNTA(F32:F36)=0,"",COUNTIF(F32:F36,"Ya")/5*100) | G31: =IF(COUNTA(G32:G36)=0,"",COUNTIF(G32:G36,"Ya")/5*100) | H31: =IF(COUNTA(H32:H36)=0,"",COUNTIF(H32:H36,"Ya")/5*100) | I31: =IF(COUNTA(I32:I36)=0,"",COUNTIF(I32:I36,"Ya")/5*100) | J31: =IF(COUNTA(J32:J36)=0,"",COUNTIF(J32:J36,"Ya")/5*100) | K31: =IF(COUNTA(K32:K36)=0,"",COUNTIF(K32:K36,"Ya")/5*100) | L31: =IF(COUNTA(L32:L36)=0,"",COUNTIF(L32:L36,"Ya")/5*100) | ... Y31: =IF(COUNTA(Y32:Y36)=0,"",COUNTIF(Y32:Y36,"Ya")/5*100) | Z31: =_xlfn.IFERROR(AVERAGE(E31:Y31),"")
B32: D5a | C32: Sistem/aplikasi pemantauan status TPS tersedia, meski sederhana seperti laporan via WA terstruktur
B33: D5b | C33: Data status TPS diperbarui minimal harian
B34: D5c | C34: Petugas dapat mengakses data tersebut untuk menjadwalkan pengangkutan secara responsif
B35: D5d | C35: Sistem mencakup seluruh TPS di wilayah kecamatan, bukan sebagian
B36: D5e | C36: Tersedia riwayat data (histori) status TPS yang dapat dianalisis untuk perbaikan layanan
B37: D6 | C37: Optimasi jadwal & jalur pengangkutan sampah menggunakan GPS tracking atau sistem manajemen armada berbasis data digital | D37: 10 | E37: =IF(COUNTA(E38:E42)=0,"",COUNTIF(E38:E42,"Ya")/5*100) | F37: =IF(COUNTA(F38:F42)=0,"",COUNTIF(F38:F42,"Ya")/5*100) | G37: =IF(COUNTA(G38:G42)=0,"",COUNTIF(G38:G42,"Ya")/5*100) | H37: =IF(COUNTA(H38:H42)=0,"",COUNTIF(H38:H42,"Ya")/5*100) | I37: =IF(COUNTA(I38:I42)=0,"",COUNTIF(I38:I42,"Ya")/5*100) | J37: =IF(COUNTA(J38:J42)=0,"",COUNTIF(J38:J42,"Ya")/5*100) | K37: =IF(COUNTA(K38:K42)=0,"",COUNTIF(K38:K42,"Ya")/5*100) | L37: =IF(COUNTA(L38:L42)=0,"",COUNTIF(L38:L42,"Ya")/5*100) | ... Y37: =IF(COUNTA(Y38:Y42)=0,"",COUNTIF(Y38:Y42,"Ya")/5*100) | Z37: =_xlfn.IFERROR(AVERAGE(E37:Y37),"")
B38: D6a | C38: Armada pengangkut sampah dilengkapi perangkat GPS/pelacak
B39: D6b | C39: Data posisi/rute armada dapat dipantau secara digital oleh kecamatan/operator
B40: D6c | C40: Data tracking digunakan untuk mengevaluasi/menyesuaikan rute secara berkala
B41: D6d | C41: Sistem mencakup seluruh armada yang beroperasi di kecamatan
B42: D6e | C42: Tersedia laporan optimasi rute berbasis data digital yang terdokumentasi
B43: D7 | C43: Tersedia media digital aktif (WA grup RT/RW, konten medsos kelurahan) untuk info jadwal TPS, jadwal angkut, & Gerakan Peduli Lingkungan | D43: 10 | E43: =IF(COUNTA(E44:E48)=0,"",COUNTIF(E44:E48,"Ya")/5*100) | F43: =IF(COUNTA(F44:F48)=0,"",COUNTIF(F44:F48,"Ya")/5*100) | G43: =IF(COUNTA(G44:G48)=0,"",COUNTIF(G44:G48,"Ya")/5*100) | H43: =IF(COUNTA(H44:H48)=0,"",COUNTIF(H44:H48,"Ya")/5*100) | I43: =IF(COUNTA(I44:I48)=0,"",COUNTIF(I44:I48,"Ya")/5*100) | J43: =IF(COUNTA(J44:J48)=0,"",COUNTIF(J44:J48,"Ya")/5*100) | K43: =IF(COUNTA(K44:K48)=0,"",COUNTIF(K44:K48,"Ya")/5*100) | L43: =IF(COUNTA(L44:L48)=0,"",COUNTIF(L44:L48,"Ya")/5*100) | ... Y43: =IF(COUNTA(Y44:Y48)=0,"",COUNTIF(Y44:Y48,"Ya")/5*100) | Z43: =_xlfn.IFERROR(AVERAGE(E43:Y43),"")
B44: D7a | C44: Grup WA RT/RW atau konten media sosial kelurahan terkait persampahan tersedia
B45: D7b | C45: Media tersebut memuat info jadwal TPS dan jadwal pengangkutan
B46: D7c | C46: Media tersebut juga memuat info kegiatan Gerakan Peduli Lingkungan
B47: D7d | C47: Media aktif memposting pembaruan dalam 1 bulan terakhir
B48: D7e | C48: Warga terkonfirmasi menjadi anggota/mengikuti media tersebut dalam jumlah signifikan
C49: SKOR SUB-VARIABEL: Digital Persampahan | D49: 30 | E49: =IF((IF(ISNUMBER(E31),10,0)+IF(ISNUMBER(E37),10,0)+IF(ISNUMBER(E43),10,0))=0,"",(IF(ISNUMBER(E31),E31*10,0)+IF(ISNUMBER(E37),E37*10,0)+IF(ISNUMBER(E43),E43*10,0))/(IF(ISNUMBER(E31),10,0)+IF(ISNUMBER(E37),10,0)+IF(ISNUMBER(E43),10,0))) | F49: =IF((IF(ISNUMBER(F31),10,0)+IF(ISNUMBER(F37),10,0)+IF(ISNUMBER(F43),10,0))=0,"",(IF(ISNUMBER(F31),F31*10,0)+IF(ISNUMBER(F37),F37*10,0)+IF(ISNUMBER(F43),F43*10,0))/(IF(ISNUMBER(F31),10,0)+IF(ISNUMBER(F37),10,0)+IF(ISNUMBER(F43),10,0))) | G49: =IF((IF(ISNUMBER(G31),10,0)+IF(ISNUMBER(G37),10,0)+IF(ISNUMBER(G43),10,0))=0,"",(IF(ISNUMBER(G31),G31*10,0)+IF(ISNUMBER(G37),G37*10,0)+IF(ISNUMBER(G43),G43*10,0))/(IF(ISNUMBER(G31),10,0)+IF(ISNUMBER(G37),10,0)+IF(ISNUMBER(G43),10,0))) | H49: =IF((IF(ISNUMBER(H31),10,0)+IF(ISNUMBER(H37),10,0)+IF(ISNUMBER(H43),10,0))=0,"",(IF(ISNUMBER(H31),H31*10,0)+IF(ISNUMBER(H37),H37*10,0)+IF(ISNUMBER(H43),H43*10,0))/(IF(ISNUMBER(H31),10,0)+IF(ISNUMBER(H37),10,0)+IF(ISNUMBER(H43),10,0))) | I49: =IF((IF(ISNUMBER(I31),10,0)+IF(ISNUMBER(I37),10,0)+IF(ISNUMBER(I43),10,0))=0,"",(IF(ISNUMBER(I31),I31*10,0)+IF(ISNUMBER(I37),I37*10,0)+IF(ISNUMBER(I43),I43*10,0))/(IF(ISNUMBER(I31),10,0)+IF(ISNUMBER(I37),10,0)+IF(ISNUMBER(I43),10,0))) | J49: =IF((IF(ISNUMBER(J31),10,0)+IF(ISNUMBER(J37),10,0)+IF(ISNUMBER(J43),10,0))=0,"",(IF(ISNUMBER(J31),J31*10,0)+IF(ISNUMBER(J37),J37*10,0)+IF(ISNUMBER(J43),J43*10,0))/(IF(ISNUMBER(J31),10,0)+IF(ISNUMBER(J37),10,0)+IF(ISNUMBER(J43),10,0))) | K49: =IF((IF(ISNUMBER(K31),10,0)+IF(ISNUMBER(K37),10,0)+IF(ISNUMBER(K43),10,0))=0,"",(IF(ISNUMBER(K31),K31*10,0)+IF(ISNUMBER(K37),K37*10,0)+IF(ISNUMBER(K43),K43*10,0))/(IF(ISNUMBER(K31),10,0)+IF(ISNUMBER(K37),10,0)+IF(ISNUMBER(K43),10,0))) | L49: =IF((IF(ISNUMBER(L31),10,0)+IF(ISNUMBER(L37),10,0)+IF(ISNUMBER(L43),10,0))=0,"",(IF(ISNUMBER(L31),L31*10,0)+IF(ISNUMBER(L37),L37*10,0)+IF(ISNUMBER(L43),L43*10,0))/(IF(ISNUMBER(L31),10,0)+IF(ISNUMBER(L37),10,0)+IF(ISNUMBER(L43),10,0))) | ... Y49: =IF((IF(ISNUMBER(Y31),10,0)+IF(ISNUMBER(Y37),10,0)+IF(ISNUMBER(Y43),10,0))=0,"",(IF(ISNUMBER(Y31),Y31*10,0)+IF(ISNUMBER(Y37),Y37*10,0)+IF(ISNUMBER(Y43),Y43*10,0))/(IF(ISNUMBER(Y31),10,0)+IF(ISNUMBER(Y37),10,0)+IF(ISNUMBER(Y43),10,0))) | Z49: =_xlfn.IFERROR(AVERAGE(E49:Y49),"")
A50: SUB-VARIABEL: Infrastruktur TIK, SOP Digital & Pengaduan Elektronik [D4]
B51: D8 | C51: Kecamatan memiliki konektivitas internet yang memadai dan perangkat komputer/tablet operasional untuk mendukung SIBISA & layanan digital lainnya | D51: 10 | E51: =IF(COUNTA(E52:E56)=0,"",COUNTIF(E52:E56,"Ya")/5*100) | F51: =IF(COUNTA(F52:F56)=0,"",COUNTIF(F52:F56,"Ya")/5*100) | G51: =IF(COUNTA(G52:G56)=0,"",COUNTIF(G52:G56,"Ya")/5*100) | H51: =IF(COUNTA(H52:H56)=0,"",COUNTIF(H52:H56,"Ya")/5*100) | I51: =IF(COUNTA(I52:I56)=0,"",COUNTIF(I52:I56,"Ya")/5*100) | J51: =IF(COUNTA(J52:J56)=0,"",COUNTIF(J52:J56,"Ya")/5*100) | K51: =IF(COUNTA(K52:K56)=0,"",COUNTIF(K52:K56,"Ya")/5*100) | L51: =IF(COUNTA(L52:L56)=0,"",COUNTIF(L52:L56,"Ya")/5*100) | ... Y51: =IF(COUNTA(Y52:Y56)=0,"",COUNTIF(Y52:Y56,"Ya")/5*100) | Z51: =_xlfn.IFERROR(AVERAGE(E51:Y51),"")
B52: D8a | C52: Kecamatan memiliki koneksi internet yang berfungsi di lokasi layanan
B53: D8b | C53: Kecepatan/koneksi internet memadai untuk mengakses SIBISA tanpa gangguan berarti
B54: D8c | C54: Perangkat komputer/tablet operasional tersedia dan berfungsi baik untuk layanan digital
B55: D8d | C55: Jumlah perangkat mencukupi kebutuhan operasional, tidak menyebabkan antrean akibat keterbatasan alat
B56: D8e | C56: Tersedia rencana/anggaran pemeliharaan perangkat & konektivitas secara berkala
B57: D9 | C57: Tersedia dan diterapkan SOP digital untuk penanganan pengaduan warga (TPS meluap, armada telat, kendala SIBISA) secara elektronik | D57: 10 | E57: =IF(COUNTA(E58:E62)=0,"",COUNTIF(E58:E62,"Ya")/5*100) | F57: =IF(COUNTA(F58:F62)=0,"",COUNTIF(F58:F62,"Ya")/5*100) | G57: =IF(COUNTA(G58:G62)=0,"",COUNTIF(G58:G62,"Ya")/5*100) | H57: =IF(COUNTA(H58:H62)=0,"",COUNTIF(H58:H62,"Ya")/5*100) | I57: =IF(COUNTA(I58:I62)=0,"",COUNTIF(I58:I62,"Ya")/5*100) | J57: =IF(COUNTA(J58:J62)=0,"",COUNTIF(J58:J62,"Ya")/5*100) | K57: =IF(COUNTA(K58:K62)=0,"",COUNTIF(K58:K62,"Ya")/5*100) | L57: =IF(COUNTA(L58:L62)=0,"",COUNTIF(L58:L62,"Ya")/5*100) | ... Y57: =IF(COUNTA(Y58:Y62)=0,"",COUNTIF(Y58:Y62,"Ya")/5*100) | Z57: =_xlfn.IFERROR(AVERAGE(E57:Y57),"")
B58: D9a | C58: SOP penanganan pengaduan secara elektronik tersedia secara tertulis
B59: D9b | C59: Kanal pengaduan elektronik (form online/WA/aplikasi) tersedia dan berfungsi
B60: D9c | C60: Petugas menerapkan SOP tersebut secara konsisten saat menerima pengaduan
B61: D9d | C61: Setiap pengaduan elektronik tercatat dengan status yang dapat dipantau
B62: D9e | C62: SOP dievaluasi/diperbarui secara berkala berdasarkan pengalaman penanganan pengaduan
B63: D10 | C63: Sistem pengaduan digital responsif (waktu respons ≤1×24 jam kerja) dan memiliki tingkat resolusi tinggi (pengaduan terselesaikan, bukan sekadar tercatat) | D63: 10 | E63: =IF(COUNTA(E64:E68)=0,"",COUNTIF(E64:E68,"Ya")/5*100) | F63: =IF(COUNTA(F64:F68)=0,"",COUNTIF(F64:F68,"Ya")/5*100) | G63: =IF(COUNTA(G64:G68)=0,"",COUNTIF(G64:G68,"Ya")/5*100) | H63: =IF(COUNTA(H64:H68)=0,"",COUNTIF(H64:H68,"Ya")/5*100) | I63: =IF(COUNTA(I64:I68)=0,"",COUNTIF(I64:I68,"Ya")/5*100) | J63: =IF(COUNTA(J64:J68)=0,"",COUNTIF(J64:J68,"Ya")/5*100) | K63: =IF(COUNTA(K64:K68)=0,"",COUNTIF(K64:K68,"Ya")/5*100) | L63: =IF(COUNTA(L64:L68)=0,"",COUNTIF(L64:L68,"Ya")/5*100) | ... Y63: =IF(COUNTA(Y64:Y68)=0,"",COUNTIF(Y64:Y68,"Ya")/5*100) | Z63: =_xlfn.IFERROR(AVERAGE(E63:Y63),"")
B64: D10a | C64: Sistem pengaduan digital mencatat waktu masuk setiap pengaduan
B65: D10b | C65: Respons awal terhadap pengaduan diberikan dalam paling lambat 1×24 jam kerja pada sampel yang diperiksa
B66: D10c | C66: Pengaduan yang masuk memiliki status penyelesaian yang jelas: selesai, proses, atau ditolak dengan alasan
B67: D10d | C67: Mayoritas pengaduan, lebih dari 70%, berstatus terselesaikan, bukan hanya tercatat
B68: D10e | C68: Tersedia laporan kinerja penanganan pengaduan, rata-rata waktu respons & tingkat resolusi, secara berkala
C69: SKOR SUB-VARIABEL: Infrastruktur TIK | D69: 30 | E69: =IF((IF(ISNUMBER(E51),10,0)+IF(ISNUMBER(E57),10,0)+IF(ISNUMBER(E63),10,0))=0,"",(IF(ISNUMBER(E51),E51*10,0)+IF(ISNUMBER(E57),E57*10,0)+IF(ISNUMBER(E63),E63*10,0))/(IF(ISNUMBER(E51),10,0)+IF(ISNUMBER(E57),10,0)+IF(ISNUMBER(E63),10,0))) | F69: =IF((IF(ISNUMBER(F51),10,0)+IF(ISNUMBER(F57),10,0)+IF(ISNUMBER(F63),10,0))=0,"",(IF(ISNUMBER(F51),F51*10,0)+IF(ISNUMBER(F57),F57*10,0)+IF(ISNUMBER(F63),F63*10,0))/(IF(ISNUMBER(F51),10,0)+IF(ISNUMBER(F57),10,0)+IF(ISNUMBER(F63),10,0))) | G69: =IF((IF(ISNUMBER(G51),10,0)+IF(ISNUMBER(G57),10,0)+IF(ISNUMBER(G63),10,0))=0,"",(IF(ISNUMBER(G51),G51*10,0)+IF(ISNUMBER(G57),G57*10,0)+IF(ISNUMBER(G63),G63*10,0))/(IF(ISNUMBER(G51),10,0)+IF(ISNUMBER(G57),10,0)+IF(ISNUMBER(G63),10,0))) | H69: =IF((IF(ISNUMBER(H51),10,0)+IF(ISNUMBER(H57),10,0)+IF(ISNUMBER(H63),10,0))=0,"",(IF(ISNUMBER(H51),H51*10,0)+IF(ISNUMBER(H57),H57*10,0)+IF(ISNUMBER(H63),H63*10,0))/(IF(ISNUMBER(H51),10,0)+IF(ISNUMBER(H57),10,0)+IF(ISNUMBER(H63),10,0))) | I69: =IF((IF(ISNUMBER(I51),10,0)+IF(ISNUMBER(I57),10,0)+IF(ISNUMBER(I63),10,0))=0,"",(IF(ISNUMBER(I51),I51*10,0)+IF(ISNUMBER(I57),I57*10,0)+IF(ISNUMBER(I63),I63*10,0))/(IF(ISNUMBER(I51),10,0)+IF(ISNUMBER(I57),10,0)+IF(ISNUMBER(I63),10,0))) | J69: =IF((IF(ISNUMBER(J51),10,0)+IF(ISNUMBER(J57),10,0)+IF(ISNUMBER(J63),10,0))=0,"",(IF(ISNUMBER(J51),J51*10,0)+IF(ISNUMBER(J57),J57*10,0)+IF(ISNUMBER(J63),J63*10,0))/(IF(ISNUMBER(J51),10,0)+IF(ISNUMBER(J57),10,0)+IF(ISNUMBER(J63),10,0))) | K69: =IF((IF(ISNUMBER(K51),10,0)+IF(ISNUMBER(K57),10,0)+IF(ISNUMBER(K63),10,0))=0,"",(IF(ISNUMBER(K51),K51*10,0)+IF(ISNUMBER(K57),K57*10,0)+IF(ISNUMBER(K63),K63*10,0))/(IF(ISNUMBER(K51),10,0)+IF(ISNUMBER(K57),10,0)+IF(ISNUMBER(K63),10,0))) | L69: =IF((IF(ISNUMBER(L51),10,0)+IF(ISNUMBER(L57),10,0)+IF(ISNUMBER(L63),10,0))=0,"",(IF(ISNUMBER(L51),L51*10,0)+IF(ISNUMBER(L57),L57*10,0)+IF(ISNUMBER(L63),L63*10,0))/(IF(ISNUMBER(L51),10,0)+IF(ISNUMBER(L57),10,0)+IF(ISNUMBER(L63),10,0))) | ... Y69: =IF((IF(ISNUMBER(Y51),10,0)+IF(ISNUMBER(Y57),10,0)+IF(ISNUMBER(Y63),10,0))=0,"",(IF(ISNUMBER(Y51),Y51*10,0)+IF(ISNUMBER(Y57),Y57*10,0)+IF(ISNUMBER(Y63),Y63*10,0))/(IF(ISNUMBER(Y51),10,0)+IF(ISNUMBER(Y57),10,0)+IF(ISNUMBER(Y63),10,0))) | Z69: =_xlfn.IFERROR(AVERAGE(E69:Y69),"")
A70: SKOR KUESIONER D (BLOK, 0-100) | E70: =IF((IF(ISNUMBER(E5),10,0)+IF(ISNUMBER(E11),10,0)+IF(ISNUMBER(E17),10,0)+IF(ISNUMBER(E23),10,0)+IF(ISNUMBER(E31),10,0)+IF(ISNUMBER(E37),10,0)+IF(ISNUMBER(E43),10,0)+IF(ISNUMBER(E51),10,0)+IF(ISNUMBER(E57),10,0)+IF(ISNUMBER(E63),10,0))=0,"",(IF(ISNUMBER(E5),E5*10,0)+IF(ISNUMBER(E11),E11*10,0)+IF(ISNUMBER(E17),E17*10,0)+IF(ISNUMBER(E23),E23*10,0)+IF(ISNUMBER(E31),E31*10,0)+IF(ISNUMBER(E37),E37*10,0)+IF(ISNUMBER(E43),E43*10,0)+IF(ISNUMBER(E51),E51*10,0)+IF(ISNUMBER(E57),E57*10,0)+IF(ISNUMBER(E63),E63*10,0))/(IF(ISNUMBER(E5),10,0)+IF(ISNUMBER(E11),10,0)+IF(ISNUMBER(E17),10,0)+IF(ISNUMBER(E23),10,0)+IF(ISNUMBER(E31),10,0)+IF(ISNUMBER(E37),10,0)+IF(ISNUMBER(E43),10,0)+IF(ISNUMBER(E51),10,0)+IF(ISNUMBER(E57),10,0)+IF(ISNUMBER(E63),10,0))) | F70: =IF((IF(ISNUMBER(F5),10,0)+IF(ISNUMBER(F11),10,0)+IF(ISNUMBER(F17),10,0)+IF(ISNUMBER(F23),10,0)+IF(ISNUMBER(F31),10,0)+IF(ISNUMBER(F37),10,0)+IF(ISNUMBER(F43),10,0)+IF(ISNUMBER(F51),10,0)+IF(ISNUMBER(F57),10,0)+IF(ISNUMBER(F63),10,0))=0,"",(IF(ISNUMBER(F5),F5*10,0)+IF(ISNUMBER(F11),F11*10,0)+IF(ISNUMBER(F17),F17*10,0)+IF(ISNUMBER(F23),F23*10,0)+IF(ISNUMBER(F31),F31*10,0)+IF(ISNUMBER(F37),F37*10,0)+IF(ISNUMBER(F43),F43*10,0)+IF(ISNUMBER(F51),F51*10,0)+IF(ISNUMBER(F57),F57*10,0)+IF(ISNUMBER(F63),F63*10,0))/(IF(ISNUMBER(F5),10,0)+IF(ISNUMBER(F11),10,0)+IF(ISNUMBER(F17),10,0)+IF(ISNUMBER(F23),10,0)+IF(ISNUMBER(F31),10,0)+IF(ISNUMBER(F37),10,0)+IF(ISNUMBER(F43),10,0)+IF(ISNUMBER(F51),10,0)+IF(ISNUMBER(F57),10,0)+IF(ISNUMBER(F63),10,0))) | G70: =IF((IF(ISNUMBER(G5),10,0)+IF(ISNUMBER(G11),10,0)+IF(ISNUMBER(G17),10,0)+IF(ISNUMBER(G23),10,0)+IF(ISNUMBER(G31),10,0)+IF(ISNUMBER(G37),10,0)+IF(ISNUMBER(G43),10,0)+IF(ISNUMBER(G51),10,0)+IF(ISNUMBER(G57),10,0)+IF(ISNUMBER(G63),10,0))=0,"",(IF(ISNUMBER(G5),G5*10,0)+IF(ISNUMBER(G11),G11*10,0)+IF(ISNUMBER(G17),G17*10,0)+IF(ISNUMBER(G23),G23*10,0)+IF(ISNUMBER(G31),G31*10,0)+IF(ISNUMBER(G37),G37*10,0)+IF(ISNUMBER(G43),G43*10,0)+IF(ISNUMBER(G51),G51*10,0)+IF(ISNUMBER(G57),G57*10,0)+IF(ISNUMBER(G63),G63*10,0))/(IF(ISNUMBER(G5),10,0)+IF(ISNUMBER(G11),10,0)+IF(ISNUMBER(G17),10,0)+IF(ISNUMBER(G23),10,0)+IF(ISNUMBER(G31),10,0)+IF(ISNUMBER(G37),10,0)+IF(ISNUMBER(G43),10,0)+IF(ISNUMBER(G51),10,0)+IF(ISNUMBER(G57),10,0)+IF(ISNUMBER(G63),10,0))) | H70: =IF((IF(ISNUMBER(H5),10,0)+IF(ISNUMBER(H11),10,0)+IF(ISNUMBER(H17),10,0)+IF(ISNUMBER(H23),10,0)+IF(ISNUMBER(H31),10,0)+IF(ISNUMBER(H37),10,0)+IF(ISNUMBER(H43),10,0)+IF(ISNUMBER(H51),10,0)+IF(ISNUMBER(H57),10,0)+IF(ISNUMBER(H63),10,0))=0,"",(IF(ISNUMBER(H5),H5*10,0)+IF(ISNUMBER(H11),H11*10,0)+IF(ISNUMBER(H17),H17*10,0)+IF(ISNUMBER(H23),H23*10,0)+IF(ISNUMBER(H31),H31*10,0)+IF(ISNUMBER(H37),H37*10,0)+IF(ISNUMBER(H43),H43*10,0)+IF(ISNUMBER(H51),H51*10,0)+IF(ISNUMBER(H57),H57*10,0)+IF(ISNUMBER(H63),H63*10,0))/(IF(ISNUMBER(H5),10,0)+IF(ISNUMBER(H11),10,0)+IF(ISNUMBER(H17),10,0)+IF(ISNUMBER(H23),10,0)+IF(ISNUMBER(H31),10,0)+IF(ISNUMBER(H37),10,0)+IF(ISNUMBER(H43),10,0)+IF(ISNUMBER(H51),10,0)+IF(ISNUMBER(H57),10,0)+IF(ISNUMBER(H63),10,0))) | I70: =IF((IF(ISNUMBER(I5),10,0)+IF(ISNUMBER(I11),10,0)+IF(ISNUMBER(I17),10,0)+IF(ISNUMBER(I23),10,0)+IF(ISNUMBER(I31),10,0)+IF(ISNUMBER(I37),10,0)+IF(ISNUMBER(I43),10,0)+IF(ISNUMBER(I51),10,0)+IF(ISNUMBER(I57),10,0)+IF(ISNUMBER(I63),10,0))=0,"",(IF(ISNUMBER(I5),I5*10,0)+IF(ISNUMBER(I11),I11*10,0)+IF(ISNUMBER(I17),I17*10,0)+IF(ISNUMBER(I23),I23*10,0)+IF(ISNUMBER(I31),I31*10,0)+IF(ISNUMBER(I37),I37*10,0)+IF(ISNUMBER(I43),I43*10,0)+IF(ISNUMBER(I51),I51*10,0)+IF(ISNUMBER(I57),I57*10,0)+IF(ISNUMBER(I63),I63*10,0))/(IF(ISNUMBER(I5),10,0)+IF(ISNUMBER(I11),10,0)+IF(ISNUMBER(I17),10,0)+IF(ISNUMBER(I23),10,0)+IF(ISNUMBER(I31),10,0)+IF(ISNUMBER(I37),10,0)+IF(ISNUMBER(I43),10,0)+IF(ISNUMBER(I51),10,0)+IF(ISNUMBER(I57),10,0)+IF(ISNUMBER(I63),10,0))) | J70: =IF((IF(ISNUMBER(J5),10,0)+IF(ISNUMBER(J11),10,0)+IF(ISNUMBER(J17),10,0)+IF(ISNUMBER(J23),10,0)+IF(ISNUMBER(J31),10,0)+IF(ISNUMBER(J37),10,0)+IF(ISNUMBER(J43),10,0)+IF(ISNUMBER(J51),10,0)+IF(ISNUMBER(J57),10,0)+IF(ISNUMBER(J63),10,0))=0,"",(IF(ISNUMBER(J5),J5*10,0)+IF(ISNUMBER(J11),J11*10,0)+IF(ISNUMBER(J17),J17*10,0)+IF(ISNUMBER(J23),J23*10,0)+IF(ISNUMBER(J31),J31*10,0)+IF(ISNUMBER(J37),J37*10,0)+IF(ISNUMBER(J43),J43*10,0)+IF(ISNUMBER(J51),J51*10,0)+IF(ISNUMBER(J57),J57*10,0)+IF(ISNUMBER(J63),J63*10,0))/(IF(ISNUMBER(J5),10,0)+IF(ISNUMBER(J11),10,0)+IF(ISNUMBER(J17),10,0)+IF(ISNUMBER(J23),10,0)+IF(ISNUMBER(J31),10,0)+IF(ISNUMBER(J37),10,0)+IF(ISNUMBER(J43),10,0)+IF(ISNUMBER(J51),10,0)+IF(ISNUMBER(J57),10,0)+IF(ISNUMBER(J63),10,0))) | K70: =IF((IF(ISNUMBER(K5),10,0)+IF(ISNUMBER(K11),10,0)+IF(ISNUMBER(K17),10,0)+IF(ISNUMBER(K23),10,0)+IF(ISNUMBER(K31),10,0)+IF(ISNUMBER(K37),10,0)+IF(ISNUMBER(K43),10,0)+IF(ISNUMBER(K51),10,0)+IF(ISNUMBER(K57),10,0)+IF(ISNUMBER(K63),10,0))=0,"",(IF(ISNUMBER(K5),K5*10,0)+IF(ISNUMBER(K11),K11*10,0)+IF(ISNUMBER(K17),K17*10,0)+IF(ISNUMBER(K23),K23*10,0)+IF(ISNUMBER(K31),K31*10,0)+IF(ISNUMBER(K37),K37*10,0)+IF(ISNUMBER(K43),K43*10,0)+IF(ISNUMBER(K51),K51*10,0)+IF(ISNUMBER(K57),K57*10,0)+IF(ISNUMBER(K63),K63*10,0))/(IF(ISNUMBER(K5),10,0)+IF(ISNUMBER(K11),10,0)+IF(ISNUMBER(K17),10,0)+IF(ISNUMBER(K23),10,0)+IF(ISNUMBER(K31),10,0)+IF(ISNUMBER(K37),10,0)+IF(ISNUMBER(K43),10,0)+IF(ISNUMBER(K51),10,0)+IF(ISNUMBER(K57),10,0)+IF(ISNUMBER(K63),10,0))) | L70: =IF((IF(ISNUMBER(L5),10,0)+IF(ISNUMBER(L11),10,0)+IF(ISNUMBER(L17),10,0)+IF(ISNUMBER(L23),10,0)+IF(ISNUMBER(L31),10,0)+IF(ISNUMBER(L37),10,0)+IF(ISNUMBER(L43),10,0)+IF(ISNUMBER(L51),10,0)+IF(ISNUMBER(L57),10,0)+IF(ISNUMBER(L63),10,0))=0,"",(IF(ISNUMBER(L5),L5*10,0)+IF(ISNUMBER(L11),L11*10,0)+IF(ISNUMBER(L17),L17*10,0)+IF(ISNUMBER(L23),L23*10,0)+IF(ISNUMBER(L31),L31*10,0)+IF(ISNUMBER(L37),L37*10,0)+IF(ISNUMBER(L43),L43*10,0)+IF(ISNUMBER(L51),L51*10,0)+IF(ISNUMBER(L57),L57*10,0)+IF(ISNUMBER(L63),L63*10,0))/(IF(ISNUMBER(L5),10,0)+IF(ISNUMBER(L11),10,0)+IF(ISNUMBER(L17),10,0)+IF(ISNUMBER(L23),10,0)+IF(ISNUMBER(L31),10,0)+IF(ISNUMBER(L37),10,0)+IF(ISNUMBER(L43),10,0)+IF(ISNUMBER(L51),10,0)+IF(ISNUMBER(L57),10,0)+IF(ISNUMBER(L63),10,0))) | ... Y70: =IF((IF(ISNUMBER(Y5),10,0)+IF(ISNUMBER(Y11),10,0)+IF(ISNUMBER(Y17),10,0)+IF(ISNUMBER(Y23),10,0)+IF(ISNUMBER(Y31),10,0)+IF(ISNUMBER(Y37),10,0)+IF(ISNUMBER(Y43),10,0)+IF(ISNUMBER(Y51),10,0)+IF(ISNUMBER(Y57),10,0)+IF(ISNUMBER(Y63),10,0))=0,"",(IF(ISNUMBER(Y5),Y5*10,0)+IF(ISNUMBER(Y11),Y11*10,0)+IF(ISNUMBER(Y17),Y17*10,0)+IF(ISNUMBER(Y23),Y23*10,0)+IF(ISNUMBER(Y31),Y31*10,0)+IF(ISNUMBER(Y37),Y37*10,0)+IF(ISNUMBER(Y43),Y43*10,0)+IF(ISNUMBER(Y51),Y51*10,0)+IF(ISNUMBER(Y57),Y57*10,0)+IF(ISNUMBER(Y63),Y63*10,0))/(IF(ISNUMBER(Y5),10,0)+IF(ISNUMBER(Y11),10,0)+IF(ISNUMBER(Y17),10,0)+IF(ISNUMBER(Y23),10,0)+IF(ISNUMBER(Y31),10,0)+IF(ISNUMBER(Y37),10,0)+IF(ISNUMBER(Y43),10,0)+IF(ISNUMBER(Y51),10,0)+IF(ISNUMBER(Y57),10,0)+IF(ISNUMBER(Y63),10,0))) | Z70: =_xlfn.IFERROR(AVERAGE(E70:Y70),"")

Sheet Cek_E
A1: CEK_E — KUESIONER E — PROGRAM PKH MAKMUR (DIMENSI D6)
A2: Skala asli instrumen: 1–5. Isi kolom kecamatan (Ya/Tidak) pada baris sub-item (a-e) di bawah tiap indikator induk. Baris 'Skor' & 'SKOR SUBVAR'/'SKOR BLOK' terisi otomatis.
A3: No | B3: Kode | C3: Pernyataan / Uraian Indikator | D3: Bobot Asli (%) | E3: Tembung | F3: Belawan | G3: Marelan | H3: Amplas | I3: Perjuangan | J3: Deli | K3: Tuntungan | L3: Selayang | M3: Polonia | N3: Area | O3: Kota | P3: Baru | Q3: Johor | R3: Denai | S3: Labuhan | T3: Timur | U3: Barat | V3: Helvetia | W3: Sunggal | X3: Maimun | Y3: Petisah | Z3: Rata-rata Kota
A4: SUB-VARIABEL: BAGIAN I — Aparatur: F1 Identifikasi & Verifikasi Sasaran (Ps. 5 & 6 Perwal 10/2026) [D6]
B5: F1a | C5: Kecamatan aktif mendatakan calon penerima PKH Makmur (penyandang disabilitas & lansia ≥60 th) yang belum terdaftar DTSEN melalui musyawarah kelurahan | D5: 6.7 | E5: =IF(COUNTA(E6:E10)=0,"",COUNTIF(E6:E10,"Ya")/5*100) | F5: =IF(COUNTA(F6:F10)=0,"",COUNTIF(F6:F10,"Ya")/5*100) | G5: =IF(COUNTA(G6:G10)=0,"",COUNTIF(G6:G10,"Ya")/5*100) | H5: =IF(COUNTA(H6:H10)=0,"",COUNTIF(H6:H10,"Ya")/5*100) | I5: =IF(COUNTA(I6:I10)=0,"",COUNTIF(I6:I10,"Ya")/5*100) | J5: =IF(COUNTA(J6:J10)=0,"",COUNTIF(J6:J10,"Ya")/5*100) | K5: =IF(COUNTA(K6:K10)=0,"",COUNTIF(K6:K10,"Ya")/5*100) | L5: =IF(COUNTA(L6:L10)=0,"",COUNTIF(L6:L10,"Ya")/5*100) | ... Y5: =IF(COUNTA(Y6:Y10)=0,"",COUNTIF(Y6:Y10,"Ya")/5*100) | Z5: =_xlfn.IFERROR(AVERAGE(E5:Y5),"")
B6: F1aa | C6: Kecamatan/kelurahan memiliki data awal warga disabilitas & lansia berusia 60 tahun ke atas di wilayahnya
B7: F1ab | C7: Proses pendataan calon penerima yang belum terdaftar DTSEN telah dilakukan
B8: F1ac | C8: Musyawarah kelurahan diselenggarakan sebagai bagian dari proses pendataan tersebut
B9: F1ad | C9: Hasil pendataan mencakup seluruh kelurahan di kecamatan, tidak ada yang terlewat
B10: F1ae | C10: Tersedia dokumentasi (berita acara/daftar nama) hasil pendataan yang terarsip
B11: F1b | C11: Verifikasi status DTSEN desil 1-5 calon penerima dilakukan real-time melalui SIKS-NG sebelum musyawarah kelurahan digelar | D11: 6.7 | E11: =IF(COUNTA(E12:E16)=0,"",COUNTIF(E12:E16,"Ya")/5*100) | F11: =IF(COUNTA(F12:F16)=0,"",COUNTIF(F12:F16,"Ya")/5*100) | G11: =IF(COUNTA(G12:G16)=0,"",COUNTIF(G12:G16,"Ya")/5*100) | H11: =IF(COUNTA(H12:H16)=0,"",COUNTIF(H12:H16,"Ya")/5*100) | I11: =IF(COUNTA(I12:I16)=0,"",COUNTIF(I12:I16,"Ya")/5*100) | J11: =IF(COUNTA(J12:J16)=0,"",COUNTIF(J12:J16,"Ya")/5*100) | K11: =IF(COUNTA(K12:K16)=0,"",COUNTIF(K12:K16,"Ya")/5*100) | L11: =IF(COUNTA(L12:L16)=0,"",COUNTIF(L12:L16,"Ya")/5*100) | ... Y11: =IF(COUNTA(Y12:Y16)=0,"",COUNTIF(Y12:Y16,"Ya")/5*100) | Z11: =_xlfn.IFERROR(AVERAGE(E11:Y11),"")
B12: F1ba | C12: Aparatur memiliki akses ke sistem SIKS-NG
B13: F1bb | C13: Verifikasi status DTSEN dilakukan untuk calon penerima sebelum musyawarah kelurahan
B14: F1bc | C14: Verifikasi dilakukan secara real-time, langsung cek sistem, bukan berdasarkan data lama/cetakan usang
B15: F1bd | C15: Seluruh calon penerima yang diusulkan telah melalui proses verifikasi ini, tidak ada yang terlewat
B16: F1be | C16: Tersedia bukti cetak/log hasil verifikasi SIKS-NG untuk tiap calon penerima
B17: F1c | C17: Zero error ketepatan sasaran: tidak ada calon penerima yang sudah menerima PKH/BPNT/BSS tahun sebelumnya lolos verifikasi | D17: 6.6 | E17: =IF(COUNTA(E18:E22)=0,"",COUNTIF(E18:E22,"Ya")/5*100) | F17: =IF(COUNTA(F18:F22)=0,"",COUNTIF(F18:F22,"Ya")/5*100) | G17: =IF(COUNTA(G18:G22)=0,"",COUNTIF(G18:G22,"Ya")/5*100) | H17: =IF(COUNTA(H18:H22)=0,"",COUNTIF(H18:H22,"Ya")/5*100) | I17: =IF(COUNTA(I18:I22)=0,"",COUNTIF(I18:I22,"Ya")/5*100) | J17: =IF(COUNTA(J18:J22)=0,"",COUNTIF(J18:J22,"Ya")/5*100) | K17: =IF(COUNTA(K18:K22)=0,"",COUNTIF(K18:K22,"Ya")/5*100) | L17: =IF(COUNTA(L18:L22)=0,"",COUNTIF(L18:L22,"Ya")/5*100) | ... Y17: =IF(COUNTA(Y18:Y22)=0,"",COUNTIF(Y18:Y22,"Ya")/5*100) | Z17: =_xlfn.IFERROR(AVERAGE(E17:Y17),"")
B18: F1ca | C18: Kecamatan memiliki data penerima PKH/BPNT/BSS tahun sebelumnya sebagai pembanding
B19: F1cb | C19: Proses pencocokan (cross-check) data calon penerima dengan data penerima tahun sebelumnya dilakukan
B20: F1cc | C20: Tidak ditemukan nama ganda/duplikasi pada sampel data yang diperiksa
B21: F1cd | C21: Bila ditemukan potensi duplikasi, terdapat proses klarifikasi/koreksi sebelum penetapan final
B22: F1ce | C22: Tersedia dokumentasi hasil cross-check yang menunjukkan proses ini dilakukan secara sistematis
C23: SKOR SUB-VARIABEL: F1 Identifikasi Sasaran | D23: 20 | E23: =IF((IF(ISNUMBER(E5),6.7,0)+IF(ISNUMBER(E11),6.7,0)+IF(ISNUMBER(E17),6.6,0))=0,"",(IF(ISNUMBER(E5),E5*6.7,0)+IF(ISNUMBER(E11),E11*6.7,0)+IF(ISNUMBER(E17),E17*6.6,0))/(IF(ISNUMBER(E5),6.7,0)+IF(ISNUMBER(E11),6.7,0)+IF(ISNUMBER(E17),6.6,0))) | F23: =IF((IF(ISNUMBER(F5),6.7,0)+IF(ISNUMBER(F11),6.7,0)+IF(ISNUMBER(F17),6.6,0))=0,"",(IF(ISNUMBER(F5),F5*6.7,0)+IF(ISNUMBER(F11),F11*6.7,0)+IF(ISNUMBER(F17),F17*6.6,0))/(IF(ISNUMBER(F5),6.7,0)+IF(ISNUMBER(F11),6.7,0)+IF(ISNUMBER(F17),6.6,0))) | G23: =IF((IF(ISNUMBER(G5),6.7,0)+IF(ISNUMBER(G11),6.7,0)+IF(ISNUMBER(G17),6.6,0))=0,"",(IF(ISNUMBER(G5),G5*6.7,0)+IF(ISNUMBER(G11),G11*6.7,0)+IF(ISNUMBER(G17),G17*6.6,0))/(IF(ISNUMBER(G5),6.7,0)+IF(ISNUMBER(G11),6.7,0)+IF(ISNUMBER(G17),6.6,0))) | H23: =IF((IF(ISNUMBER(H5),6.7,0)+IF(ISNUMBER(H11),6.7,0)+IF(ISNUMBER(H17),6.6,0))=0,"",(IF(ISNUMBER(H5),H5*6.7,0)+IF(ISNUMBER(H11),H11*6.7,0)+IF(ISNUMBER(H17),H17*6.6,0))/(IF(ISNUMBER(H5),6.7,0)+IF(ISNUMBER(H11),6.7,0)+IF(ISNUMBER(H17),6.6,0))) | I23: =IF((IF(ISNUMBER(I5),6.7,0)+IF(ISNUMBER(I11),6.7,0)+IF(ISNUMBER(I17),6.6,0))=0,"",(IF(ISNUMBER(I5),I5*6.7,0)+IF(ISNUMBER(I11),I11*6.7,0)+IF(ISNUMBER(I17),I17*6.6,0))/(IF(ISNUMBER(I5),6.7,0)+IF(ISNUMBER(I11),6.7,0)+IF(ISNUMBER(I17),6.6,0))) | J23: =IF((IF(ISNUMBER(J5),6.7,0)+IF(ISNUMBER(J11),6.7,0)+IF(ISNUMBER(J17),6.6,0))=0,"",(IF(ISNUMBER(J5),J5*6.7,0)+IF(ISNUMBER(J11),J11*6.7,0)+IF(ISNUMBER(J17),J17*6.6,0))/(IF(ISNUMBER(J5),6.7,0)+IF(ISNUMBER(J11),6.7,0)+IF(ISNUMBER(J17),6.6,0))) | K23: =IF((IF(ISNUMBER(K5),6.7,0)+IF(ISNUMBER(K11),6.7,0)+IF(ISNUMBER(K17),6.6,0))=0,"",(IF(ISNUMBER(K5),K5*6.7,0)+IF(ISNUMBER(K11),K11*6.7,0)+IF(ISNUMBER(K17),K17*6.6,0))/(IF(ISNUMBER(K5),6.7,0)+IF(ISNUMBER(K11),6.7,0)+IF(ISNUMBER(K17),6.6,0))) | L23: =IF((IF(ISNUMBER(L5),6.7,0)+IF(ISNUMBER(L11),6.7,0)+IF(ISNUMBER(L17),6.6,0))=0,"",(IF(ISNUMBER(L5),L5*6.7,0)+IF(ISNUMBER(L11),L11*6.7,0)+IF(ISNUMBER(L17),L17*6.6,0))/(IF(ISNUMBER(L5),6.7,0)+IF(ISNUMBER(L11),6.7,0)+IF(ISNUMBER(L17),6.6,0))) | ... Y23: =IF((IF(ISNUMBER(Y5),6.7,0)+IF(ISNUMBER(Y11),6.7,0)+IF(ISNUMBER(Y17),6.6,0))=0,"",(IF(ISNUMBER(Y5),Y5*6.7,0)+IF(ISNUMBER(Y11),Y11*6.7,0)+IF(ISNUMBER(Y17),Y17*6.6,0))/(IF(ISNUMBER(Y5),6.7,0)+IF(ISNUMBER(Y11),6.7,0)+IF(ISNUMBER(Y17),6.6,0))) | Z23: =_xlfn.IFERROR(AVERAGE(E23:Y23),"")
A24: SUB-VARIABEL: BAGIAN I — Aparatur: F2 Kelengkapan Administrasi (Ps. 6 ayat 5 Perwal 10/2026) [D6]
B25: F2a | C25: Berkas setiap calon penerima lengkap: KK, KTP, foto seluruh badan, foto rumah (geotag), surat domisili Lurah, surat pernyataan non-PKH/BPNT, print-out DTSEN | D25: 6.7 | E25: =IF(COUNTA(E26:E30)=0,"",COUNTIF(E26:E30,"Ya")/5*100) | F25: =IF(COUNTA(F26:F30)=0,"",COUNTIF(F26:F30,"Ya")/5*100) | G25: =IF(COUNTA(G26:G30)=0,"",COUNTIF(G26:G30,"Ya")/5*100) | H25: =IF(COUNTA(H26:H30)=0,"",COUNTIF(H26:H30,"Ya")/5*100) | I25: =IF(COUNTA(I26:I30)=0,"",COUNTIF(I26:I30,"Ya")/5*100) | J25: =IF(COUNTA(J26:J30)=0,"",COUNTIF(J26:J30,"Ya")/5*100) | K25: =IF(COUNTA(K26:K30)=0,"",COUNTIF(K26:K30,"Ya")/5*100) | L25: =IF(COUNTA(L26:L30)=0,"",COUNTIF(L26:L30,"Ya")/5*100) | ... Y25: =IF(COUNTA(Y26:Y30)=0,"",COUNTIF(Y26:Y30,"Ya")/5*100) | Z25: =_xlfn.IFERROR(AVERAGE(E25:Y25),"")
B26: F2aa | C26: Berkas KK dan KTP tersedia untuk setiap calon penerima pada sampel yang diperiksa
B27: F2ab | C27: Foto seluruh badan dan foto rumah dengan geotag tersedia dalam berkas
B28: F2ac | C28: Surat domisili dari Lurah tersedia dalam berkas
B29: F2ad | C29: Surat pernyataan non-PKH/BPNT/BSS dan print-out DTSEN tersedia dalam berkas
B30: F2ae | C30: Seluruh dokumen di atas lengkap secara simultan untuk lebih dari 90% berkas pada sampel yang diperiksa
B31: F2b | C31: Berita Acara Hasil Musyawarah Kelurahan ditandatangani seluruh unsur yang dipersyaratkan dan diserahkan bersama berkas ke Camat | D31: 6.7 | E31: =IF(COUNTA(E32:E36)=0,"",COUNTIF(E32:E36,"Ya")/5*100) | F31: =IF(COUNTA(F32:F36)=0,"",COUNTIF(F32:F36,"Ya")/5*100) | G31: =IF(COUNTA(G32:G36)=0,"",COUNTIF(G32:G36,"Ya")/5*100) | H31: =IF(COUNTA(H32:H36)=0,"",COUNTIF(H32:H36,"Ya")/5*100) | I31: =IF(COUNTA(I32:I36)=0,"",COUNTIF(I32:I36,"Ya")/5*100) | J31: =IF(COUNTA(J32:J36)=0,"",COUNTIF(J32:J36,"Ya")/5*100) | K31: =IF(COUNTA(K32:K36)=0,"",COUNTIF(K32:K36,"Ya")/5*100) | L31: =IF(COUNTA(L32:L36)=0,"",COUNTIF(L32:L36,"Ya")/5*100) | ... Y31: =IF(COUNTA(Y32:Y36)=0,"",COUNTIF(Y32:Y36,"Ya")/5*100) | Z31: =_xlfn.IFERROR(AVERAGE(E31:Y31),"")
B32: F2ba | C32: Berita Acara Hasil Musyawarah Kelurahan tersedia secara tertulis untuk sampel yang diperiksa
B33: F2bb | C33: Berita Acara ditandatangani oleh unsur kelurahan (Lurah/Kasi Kesos)
B34: F2bc | C34: Berita Acara juga ditandatangani oleh unsur masyarakat yang dipersyaratkan (tokoh masyarakat/RT-RW)
B35: F2bd | C35: Seluruh unsur yang dipersyaratkan telah menandatangani, tidak ada tanda tangan yang kosong/diwakilkan tanpa dasar
B36: F2be | C36: Berita Acara beserta berkas telah diserahkan dan tercatat diterima oleh Camat
B37: F2c | C37: Surat pengajuan Camat kepada Wali Kota c.q. Kepala Dinas Sosial disampaikan tepat waktu sesuai tahapan program | D37: 6.6 | E37: =IF(COUNTA(E38:E42)=0,"",COUNTIF(E38:E42,"Ya")/5*100) | F37: =IF(COUNTA(F38:F42)=0,"",COUNTIF(F38:F42,"Ya")/5*100) | G37: =IF(COUNTA(G38:G42)=0,"",COUNTIF(G38:G42,"Ya")/5*100) | H37: =IF(COUNTA(H38:H42)=0,"",COUNTIF(H38:H42,"Ya")/5*100) | I37: =IF(COUNTA(I38:I42)=0,"",COUNTIF(I38:I42,"Ya")/5*100) | J37: =IF(COUNTA(J38:J42)=0,"",COUNTIF(J38:J42,"Ya")/5*100) | K37: =IF(COUNTA(K38:K42)=0,"",COUNTIF(K38:K42,"Ya")/5*100) | L37: =IF(COUNTA(L38:L42)=0,"",COUNTIF(L38:L42,"Ya")/5*100) | ... Y37: =IF(COUNTA(Y38:Y42)=0,"",COUNTIF(Y38:Y42,"Ya")/5*100) | Z37: =_xlfn.IFERROR(AVERAGE(E37:Y37),"")
B38: F2ca | C38: Surat pengajuan dari Camat tersedia secara tertulis
B39: F2cb | C39: Surat tersebut ditujukan sesuai prosedur, kepada Wali Kota c.q. Kepala Dinas Sosial
B40: F2cc | C40: Tanggal pengiriman surat sesuai dengan tenggat tahapan program yang ditetapkan
B41: F2cd | C41: Terdapat bukti tanda terima/pengiriman resmi (ekspedisi/tanda terima dinas)
B42: F2ce | C42: Tidak ditemukan keterlambatan pengajuan pada sampel periode yang diperiksa
C43: SKOR SUB-VARIABEL: F2 Kelengkapan Admin | D43: 20 | E43: =IF((IF(ISNUMBER(E25),6.7,0)+IF(ISNUMBER(E31),6.7,0)+IF(ISNUMBER(E37),6.6,0))=0,"",(IF(ISNUMBER(E25),E25*6.7,0)+IF(ISNUMBER(E31),E31*6.7,0)+IF(ISNUMBER(E37),E37*6.6,0))/(IF(ISNUMBER(E25),6.7,0)+IF(ISNUMBER(E31),6.7,0)+IF(ISNUMBER(E37),6.6,0))) | F43: =IF((IF(ISNUMBER(F25),6.7,0)+IF(ISNUMBER(F31),6.7,0)+IF(ISNUMBER(F37),6.6,0))=0,"",(IF(ISNUMBER(F25),F25*6.7,0)+IF(ISNUMBER(F31),F31*6.7,0)+IF(ISNUMBER(F37),F37*6.6,0))/(IF(ISNUMBER(F25),6.7,0)+IF(ISNUMBER(F31),6.7,0)+IF(ISNUMBER(F37),6.6,0))) | G43: =IF((IF(ISNUMBER(G25),6.7,0)+IF(ISNUMBER(G31),6.7,0)+IF(ISNUMBER(G37),6.6,0))=0,"",(IF(ISNUMBER(G25),G25*6.7,0)+IF(ISNUMBER(G31),G31*6.7,0)+IF(ISNUMBER(G37),G37*6.6,0))/(IF(ISNUMBER(G25),6.7,0)+IF(ISNUMBER(G31),6.7,0)+IF(ISNUMBER(G37),6.6,0))) | H43: =IF((IF(ISNUMBER(H25),6.7,0)+IF(ISNUMBER(H31),6.7,0)+IF(ISNUMBER(H37),6.6,0))=0,"",(IF(ISNUMBER(H25),H25*6.7,0)+IF(ISNUMBER(H31),H31*6.7,0)+IF(ISNUMBER(H37),H37*6.6,0))/(IF(ISNUMBER(H25),6.7,0)+IF(ISNUMBER(H31),6.7,0)+IF(ISNUMBER(H37),6.6,0))) | I43: =IF((IF(ISNUMBER(I25),6.7,0)+IF(ISNUMBER(I31),6.7,0)+IF(ISNUMBER(I37),6.6,0))=0,"",(IF(ISNUMBER(I25),I25*6.7,0)+IF(ISNUMBER(I31),I31*6.7,0)+IF(ISNUMBER(I37),I37*6.6,0))/(IF(ISNUMBER(I25),6.7,0)+IF(ISNUMBER(I31),6.7,0)+IF(ISNUMBER(I37),6.6,0))) | J43: =IF((IF(ISNUMBER(J25),6.7,0)+IF(ISNUMBER(J31),6.7,0)+IF(ISNUMBER(J37),6.6,0))=0,"",(IF(ISNUMBER(J25),J25*6.7,0)+IF(ISNUMBER(J31),J31*6.7,0)+IF(ISNUMBER(J37),J37*6.6,0))/(IF(ISNUMBER(J25),6.7,0)+IF(ISNUMBER(J31),6.7,0)+IF(ISNUMBER(J37),6.6,0))) | K43: =IF((IF(ISNUMBER(K25),6.7,0)+IF(ISNUMBER(K31),6.7,0)+IF(ISNUMBER(K37),6.6,0))=0,"",(IF(ISNUMBER(K25),K25*6.7,0)+IF(ISNUMBER(K31),K31*6.7,0)+IF(ISNUMBER(K37),K37*6.6,0))/(IF(ISNUMBER(K25),6.7,0)+IF(ISNUMBER(K31),6.7,0)+IF(ISNUMBER(K37),6.6,0))) | L43: =IF((IF(ISNUMBER(L25),6.7,0)+IF(ISNUMBER(L31),6.7,0)+IF(ISNUMBER(L37),6.6,0))=0,"",(IF(ISNUMBER(L25),L25*6.7,0)+IF(ISNUMBER(L31),L31*6.7,0)+IF(ISNUMBER(L37),L37*6.6,0))/(IF(ISNUMBER(L25),6.7,0)+IF(ISNUMBER(L31),6.7,0)+IF(ISNUMBER(L37),6.6,0))) | ... Y43: =IF((IF(ISNUMBER(Y25),6.7,0)+IF(ISNUMBER(Y31),6.7,0)+IF(ISNUMBER(Y37),6.6,0))=0,"",(IF(ISNUMBER(Y25),Y25*6.7,0)+IF(ISNUMBER(Y31),Y31*6.7,0)+IF(ISNUMBER(Y37),Y37*6.6,0))/(IF(ISNUMBER(Y25),6.7,0)+IF(ISNUMBER(Y31),6.7,0)+IF(ISNUMBER(Y37),6.6,0))) | Z43: =_xlfn.IFERROR(AVERAGE(E43:Y43),"")
A44: SUB-VARIABEL: BAGIAN I — Aparatur: F3 Musyawarah Kelurahan (Ps. 6 ayat 4 Perwal 10/2026) [D6]
B45: F3a | C45: Musyawarah kelurahan penetapan penerima diselenggarakan secara partisipatif (tokoh masyarakat, PKK, Karang Taruna, RT/RW hadir) | D45: 6.7 | E45: =IF(COUNTA(E46:E50)=0,"",COUNTIF(E46:E50,"Ya")/5*100) | F45: =IF(COUNTA(F46:F50)=0,"",COUNTIF(F46:F50,"Ya")/5*100) | G45: =IF(COUNTA(G46:G50)=0,"",COUNTIF(G46:G50,"Ya")/5*100) | H45: =IF(COUNTA(H46:H50)=0,"",COUNTIF(H46:H50,"Ya")/5*100) | I45: =IF(COUNTA(I46:I50)=0,"",COUNTIF(I46:I50,"Ya")/5*100) | J45: =IF(COUNTA(J46:J50)=0,"",COUNTIF(J46:J50,"Ya")/5*100) | K45: =IF(COUNTA(K46:K50)=0,"",COUNTIF(K46:K50,"Ya")/5*100) | L45: =IF(COUNTA(L46:L50)=0,"",COUNTIF(L46:L50,"Ya")/5*100) | ... Y45: =IF(COUNTA(Y46:Y50)=0,"",COUNTIF(Y46:Y50,"Ya")/5*100) | Z45: =_xlfn.IFERROR(AVERAGE(E45:Y45),"")
B46: F3aa | C46: Musyawarah kelurahan benar-benar diselenggarakan, bukan hanya dokumen formalitas
B47: F3ab | C47: Daftar hadir musyawarah menunjukkan kehadiran unsur RT/RW
B48: F3ac | C48: Daftar hadir juga menunjukkan kehadiran tokoh masyarakat dan/atau PKK/Karang Taruna
B49: F3ad | C49: Seluruh unsur yang dipersyaratkan hadir secara bersamaan, bukan sebagian besar tidak hadir
B50: F3ae | C50: Notulen musyawarah mencatat substansi pembahasan penetapan penerima, bukan sekadar formalitas
B51: F3b | C51: Hasil daftar penerima diumumkan secara transparan kepada warga sebelum diteruskan ke Camat | D51: 6.7 | E51: =IF(COUNTA(E52:E56)=0,"",COUNTIF(E52:E56,"Ya")/5*100) | F51: =IF(COUNTA(F52:F56)=0,"",COUNTIF(F52:F56,"Ya")/5*100) | G51: =IF(COUNTA(G52:G56)=0,"",COUNTIF(G52:G56,"Ya")/5*100) | H51: =IF(COUNTA(H52:H56)=0,"",COUNTIF(H52:H56,"Ya")/5*100) | I51: =IF(COUNTA(I52:I56)=0,"",COUNTIF(I52:I56,"Ya")/5*100) | J51: =IF(COUNTA(J52:J56)=0,"",COUNTIF(J52:J56,"Ya")/5*100) | K51: =IF(COUNTA(K52:K56)=0,"",COUNTIF(K52:K56,"Ya")/5*100) | L51: =IF(COUNTA(L52:L56)=0,"",COUNTIF(L52:L56,"Ya")/5*100) | ... Y51: =IF(COUNTA(Y52:Y56)=0,"",COUNTIF(Y52:Y56,"Ya")/5*100) | Z51: =_xlfn.IFERROR(AVERAGE(E51:Y51),"")
B52: F3ba | C52: Daftar penerima yang ditetapkan dalam musyawarah tersedia secara tertulis
B53: F3bb | C53: Daftar tersebut diumumkan kepada warga melalui papan pengumuman/pertemuan warga
B54: F3bc | C54: Pengumuman dilakukan sebelum berkas diteruskan ke Camat, bukan setelah
B55: F3bd | C55: Warga memiliki kesempatan untuk melihat/mengetahui daftar tersebut secara terbuka
B56: F3be | C56: Tersedia bukti pengumuman (foto/berita acara pengumuman) yang terdokumentasi
B57: F3c | C57: Keluhan/keberatan warga atas penetapan penerima ditangani melalui mekanisme yang jelas dan dapat dipertanggungjawabkan | D57: 6.6 | E57: =IF(COUNTA(E58:E62)=0,"",COUNTIF(E58:E62,"Ya")/5*100) | F57: =IF(COUNTA(F58:F62)=0,"",COUNTIF(F58:F62,"Ya")/5*100) | G57: =IF(COUNTA(G58:G62)=0,"",COUNTIF(G58:G62,"Ya")/5*100) | H57: =IF(COUNTA(H58:H62)=0,"",COUNTIF(H58:H62,"Ya")/5*100) | I57: =IF(COUNTA(I58:I62)=0,"",COUNTIF(I58:I62,"Ya")/5*100) | J57: =IF(COUNTA(J58:J62)=0,"",COUNTIF(J58:J62,"Ya")/5*100) | K57: =IF(COUNTA(K58:K62)=0,"",COUNTIF(K58:K62,"Ya")/5*100) | L57: =IF(COUNTA(L58:L62)=0,"",COUNTIF(L58:L62,"Ya")/5*100) | ... Y57: =IF(COUNTA(Y58:Y62)=0,"",COUNTIF(Y58:Y62,"Ya")/5*100) | Z57: =_xlfn.IFERROR(AVERAGE(E57:Y57),"")
B58: F3ca | C58: Tersedia mekanisme/kanal bagi warga untuk mengajukan keberatan atas penetapan penerima
B59: F3cb | C59: Warga mengetahui keberadaan mekanisme tersebut, dikonfirmasi via wawancara
B60: F3cc | C60: Keberatan yang masuk dicatat secara resmi
B61: F3cd | C61: Setiap keberatan ditindaklanjuti dengan klarifikasi/keputusan yang disampaikan kembali ke pengadu
B62: F3ce | C62: Tersedia rekap keberatan & penyelesaiannya yang dapat ditelusuri
C63: SKOR SUB-VARIABEL: F3 Musyawarah Kelurahan | D63: 20 | E63: =IF((IF(ISNUMBER(E45),6.7,0)+IF(ISNUMBER(E51),6.7,0)+IF(ISNUMBER(E57),6.6,0))=0,"",(IF(ISNUMBER(E45),E45*6.7,0)+IF(ISNUMBER(E51),E51*6.7,0)+IF(ISNUMBER(E57),E57*6.6,0))/(IF(ISNUMBER(E45),6.7,0)+IF(ISNUMBER(E51),6.7,0)+IF(ISNUMBER(E57),6.6,0))) | F63: =IF((IF(ISNUMBER(F45),6.7,0)+IF(ISNUMBER(F51),6.7,0)+IF(ISNUMBER(F57),6.6,0))=0,"",(IF(ISNUMBER(F45),F45*6.7,0)+IF(ISNUMBER(F51),F51*6.7,0)+IF(ISNUMBER(F57),F57*6.6,0))/(IF(ISNUMBER(F45),6.7,0)+IF(ISNUMBER(F51),6.7,0)+IF(ISNUMBER(F57),6.6,0))) | G63: =IF((IF(ISNUMBER(G45),6.7,0)+IF(ISNUMBER(G51),6.7,0)+IF(ISNUMBER(G57),6.6,0))=0,"",(IF(ISNUMBER(G45),G45*6.7,0)+IF(ISNUMBER(G51),G51*6.7,0)+IF(ISNUMBER(G57),G57*6.6,0))/(IF(ISNUMBER(G45),6.7,0)+IF(ISNUMBER(G51),6.7,0)+IF(ISNUMBER(G57),6.6,0))) | H63: =IF((IF(ISNUMBER(H45),6.7,0)+IF(ISNUMBER(H51),6.7,0)+IF(ISNUMBER(H57),6.6,0))=0,"",(IF(ISNUMBER(H45),H45*6.7,0)+IF(ISNUMBER(H51),H51*6.7,0)+IF(ISNUMBER(H57),H57*6.6,0))/(IF(ISNUMBER(H45),6.7,0)+IF(ISNUMBER(H51),6.7,0)+IF(ISNUMBER(H57),6.6,0))) | I63: =IF((IF(ISNUMBER(I45),6.7,0)+IF(ISNUMBER(I51),6.7,0)+IF(ISNUMBER(I57),6.6,0))=0,"",(IF(ISNUMBER(I45),I45*6.7,0)+IF(ISNUMBER(I51),I51*6.7,0)+IF(ISNUMBER(I57),I57*6.6,0))/(IF(ISNUMBER(I45),6.7,0)+IF(ISNUMBER(I51),6.7,0)+IF(ISNUMBER(I57),6.6,0))) | J63: =IF((IF(ISNUMBER(J45),6.7,0)+IF(ISNUMBER(J51),6.7,0)+IF(ISNUMBER(J57),6.6,0))=0,"",(IF(ISNUMBER(J45),J45*6.7,0)+IF(ISNUMBER(J51),J51*6.7,0)+IF(ISNUMBER(J57),J57*6.6,0))/(IF(ISNUMBER(J45),6.7,0)+IF(ISNUMBER(J51),6.7,0)+IF(ISNUMBER(J57),6.6,0))) | K63: =IF((IF(ISNUMBER(K45),6.7,0)+IF(ISNUMBER(K51),6.7,0)+IF(ISNUMBER(K57),6.6,0))=0,"",(IF(ISNUMBER(K45),K45*6.7,0)+IF(ISNUMBER(K51),K51*6.7,0)+IF(ISNUMBER(K57),K57*6.6,0))/(IF(ISNUMBER(K45),6.7,0)+IF(ISNUMBER(K51),6.7,0)+IF(ISNUMBER(K57),6.6,0))) | L63: =IF((IF(ISNUMBER(L45),6.7,0)+IF(ISNUMBER(L51),6.7,0)+IF(ISNUMBER(L57),6.6,0))=0,"",(IF(ISNUMBER(L45),L45*6.7,0)+IF(ISNUMBER(L51),L51*6.7,0)+IF(ISNUMBER(L57),L57*6.6,0))/(IF(ISNUMBER(L45),6.7,0)+IF(ISNUMBER(L51),6.7,0)+IF(ISNUMBER(L57),6.6,0))) | ... Y63: =IF((IF(ISNUMBER(Y45),6.7,0)+IF(ISNUMBER(Y51),6.7,0)+IF(ISNUMBER(Y57),6.6,0))=0,"",(IF(ISNUMBER(Y45),Y45*6.7,0)+IF(ISNUMBER(Y51),Y51*6.7,0)+IF(ISNUMBER(Y57),Y57*6.6,0))/(IF(ISNUMBER(Y45),6.7,0)+IF(ISNUMBER(Y51),6.7,0)+IF(ISNUMBER(Y57),6.6,0))) | Z63: =_xlfn.IFERROR(AVERAGE(E63:Y63),"")
A64: SUB-VARIABEL: BAGIAN I — Aparatur: F4 Kualitas Pendampingan Penerima [D6]
B65: F4a | C65: Petugas kelurahan/kecamatan melakukan kunjungan rutin kepada penerima DISABILITAS untuk memastikan manfaat bantuan digunakan sesuai kebutuhan | D65: 5 | E65: =IF(COUNTA(E66:E70)=0,"",COUNTIF(E66:E70,"Ya")/5*100) | F65: =IF(COUNTA(F66:F70)=0,"",COUNTIF(F66:F70,"Ya")/5*100) | G65: =IF(COUNTA(G66:G70)=0,"",COUNTIF(G66:G70,"Ya")/5*100) | H65: =IF(COUNTA(H66:H70)=0,"",COUNTIF(H66:H70,"Ya")/5*100) | I65: =IF(COUNTA(I66:I70)=0,"",COUNTIF(I66:I70,"Ya")/5*100) | J65: =IF(COUNTA(J66:J70)=0,"",COUNTIF(J66:J70,"Ya")/5*100) | K65: =IF(COUNTA(K66:K70)=0,"",COUNTIF(K66:K70,"Ya")/5*100) | L65: =IF(COUNTA(L66:L70)=0,"",COUNTIF(L66:L70,"Ya")/5*100) | ... Y65: =IF(COUNTA(Y66:Y70)=0,"",COUNTIF(Y66:Y70,"Ya")/5*100) | Z65: =_xlfn.IFERROR(AVERAGE(E65:Y65),"")
B66: F4aa | C66: Kecamatan/kelurahan memiliki jadwal kunjungan rutin untuk penerima disabilitas
B67: F4ab | C67: Kunjungan benar-benar dilaksanakan pada sampel penerima yang diperiksa dalam 3 bulan terakhir
B68: F4ac | C68: Petugas mencatat hasil kunjungan: kondisi penerima dan pemanfaatan bantuan
B69: F4ad | C69: Frekuensi kunjungan konsisten dengan jadwal yang ditetapkan, tidak hanya sekali di awal program
B70: F4ae | C70: Penerima yang diwawancarai mengonfirmasi pernah dikunjungi petugas
B71: F4b | C71: Petugas kelurahan/kecamatan melakukan kunjungan rutin kepada penerima LANJUT USIA untuk memantau kondisi kesehatan & kesejahteraan | D71: 5 | E71: =IF(COUNTA(E72:E76)=0,"",COUNTIF(E72:E76,"Ya")/5*100) | F71: =IF(COUNTA(F72:F76)=0,"",COUNTIF(F72:F76,"Ya")/5*100) | G71: =IF(COUNTA(G72:G76)=0,"",COUNTIF(G72:G76,"Ya")/5*100) | H71: =IF(COUNTA(H72:H76)=0,"",COUNTIF(H72:H76,"Ya")/5*100) | I71: =IF(COUNTA(I72:I76)=0,"",COUNTIF(I72:I76,"Ya")/5*100) | J71: =IF(COUNTA(J72:J76)=0,"",COUNTIF(J72:J76,"Ya")/5*100) | K71: =IF(COUNTA(K72:K76)=0,"",COUNTIF(K72:K76,"Ya")/5*100) | L71: =IF(COUNTA(L72:L76)=0,"",COUNTIF(L72:L76,"Ya")/5*100) | ... Y71: =IF(COUNTA(Y72:Y76)=0,"",COUNTIF(Y72:Y76,"Ya")/5*100) | Z71: =_xlfn.IFERROR(AVERAGE(E71:Y71),"")
B72: F4ba | C72: Kecamatan/kelurahan memiliki jadwal kunjungan rutin untuk penerima lanjut usia
B73: F4bb | C73: Kunjungan benar-benar dilaksanakan pada sampel penerima yang diperiksa dalam 3 bulan terakhir
B74: F4bc | C74: Petugas mencatat kondisi kesehatan & kesejahteraan penerima pada setiap kunjungan
B75: F4bd | C75: Frekuensi kunjungan konsisten dengan jadwal yang ditetapkan
B76: F4be | C76: Penerima yang diwawancarai mengonfirmasi pernah dikunjungi petugas
B77: F4c | C77: Penerima merasa pendampingan aparatur membantu mereka mengakses layanan sosial lain (kesehatan, adminduk) | D77: 5 | E77: =IF(COUNTA(E78:E82)=0,"",COUNTIF(E78:E82,"Ya")/5*100) | F77: =IF(COUNTA(F78:F82)=0,"",COUNTIF(F78:F82,"Ya")/5*100) | G77: =IF(COUNTA(G78:G82)=0,"",COUNTIF(G78:G82,"Ya")/5*100) | H77: =IF(COUNTA(H78:H82)=0,"",COUNTIF(H78:H82,"Ya")/5*100) | I77: =IF(COUNTA(I78:I82)=0,"",COUNTIF(I78:I82,"Ya")/5*100) | J77: =IF(COUNTA(J78:J82)=0,"",COUNTIF(J78:J82,"Ya")/5*100) | K77: =IF(COUNTA(K78:K82)=0,"",COUNTIF(K78:K82,"Ya")/5*100) | L77: =IF(COUNTA(L78:L82)=0,"",COUNTIF(L78:L82,"Ya")/5*100) | ... Y77: =IF(COUNTA(Y78:Y82)=0,"",COUNTIF(Y78:Y82,"Ya")/5*100) | Z77: =_xlfn.IFERROR(AVERAGE(E77:Y77),"")
B78: F4ca | C78: Petugas pernah memberikan informasi tentang layanan sosial lain (kesehatan/adminduk) kepada penerima
B79: F4cb | C79: Petugas pernah membantu proses rujukan/pengurusan layanan sosial lain untuk penerima
B80: F4cc | C80: Penerima yang diwawancarai menyatakan mengetahui bantuan tersebut ditawarkan
B81: F4cd | C81: Penerima yang diwawancarai menyatakan benar-benar terbantu mengakses layanan lain
B82: F4ce | C82: Terdapat catatan/laporan kasus rujukan yang berhasil ditindaklanjuti hingga tuntas
B83: F4d | C83: Kecamatan berkoordinasi aktif dengan Dinas Sosial dalam pemantauan kondisi & pelaporan perubahan status penerima | D83: 5 | E83: =IF(COUNTA(E84:E88)=0,"",COUNTIF(E84:E88,"Ya")/5*100) | F83: =IF(COUNTA(F84:F88)=0,"",COUNTIF(F84:F88,"Ya")/5*100) | G83: =IF(COUNTA(G84:G88)=0,"",COUNTIF(G84:G88,"Ya")/5*100) | H83: =IF(COUNTA(H84:H88)=0,"",COUNTIF(H84:H88,"Ya")/5*100) | I83: =IF(COUNTA(I84:I88)=0,"",COUNTIF(I84:I88,"Ya")/5*100) | J83: =IF(COUNTA(J84:J88)=0,"",COUNTIF(J84:J88,"Ya")/5*100) | K83: =IF(COUNTA(K84:K88)=0,"",COUNTIF(K84:K88,"Ya")/5*100) | L83: =IF(COUNTA(L84:L88)=0,"",COUNTIF(L84:L88,"Ya")/5*100) | ... Y83: =IF(COUNTA(Y84:Y88)=0,"",COUNTIF(Y84:Y88,"Ya")/5*100) | Z83: =_xlfn.IFERROR(AVERAGE(E83:Y83),"")
B84: F4da | C84: Kecamatan memiliki kontak/jalur koordinasi resmi dengan Dinas Sosial
B85: F4db | C85: Kecamatan melaporkan perubahan status penerima, seperti meninggal, pindah, atau tidak layak, kepada Dinas Sosial
B86: F4dc | C86: Pelaporan dilakukan secara berkala, bukan hanya saat ditanya/diminta
B87: F4dd | C87: Terdapat bukti komunikasi/laporan tertulis dengan Dinas Sosial dalam 3 bulan terakhir
B88: F4de | C88: Dinas Sosial mengonfirmasi menerima laporan tersebut secara rutin, jika dapat diverifikasi silang
C89: SKOR SUB-VARIABEL: F4 Pendampingan | D89: 20 | E89: =IF((IF(ISNUMBER(E65),5,0)+IF(ISNUMBER(E71),5,0)+IF(ISNUMBER(E77),5,0)+IF(ISNUMBER(E83),5,0))=0,"",(IF(ISNUMBER(E65),E65*5,0)+IF(ISNUMBER(E71),E71*5,0)+IF(ISNUMBER(E77),E77*5,0)+IF(ISNUMBER(E83),E83*5,0))/(IF(ISNUMBER(E65),5,0)+IF(ISNUMBER(E71),5,0)+IF(ISNUMBER(E77),5,0)+IF(ISNUMBER(E83),5,0))) | F89: =IF((IF(ISNUMBER(F65),5,0)+IF(ISNUMBER(F71),5,0)+IF(ISNUMBER(F77),5,0)+IF(ISNUMBER(F83),5,0))=0,"",(IF(ISNUMBER(F65),F65*5,0)+IF(ISNUMBER(F71),F71*5,0)+IF(ISNUMBER(F77),F77*5,0)+IF(ISNUMBER(F83),F83*5,0))/(IF(ISNUMBER(F65),5,0)+IF(ISNUMBER(F71),5,0)+IF(ISNUMBER(F77),5,0)+IF(ISNUMBER(F83),5,0))) | G89: =IF((IF(ISNUMBER(G65),5,0)+IF(ISNUMBER(G71),5,0)+IF(ISNUMBER(G77),5,0)+IF(ISNUMBER(G83),5,0))=0,"",(IF(ISNUMBER(G65),G65*5,0)+IF(ISNUMBER(G71),G71*5,0)+IF(ISNUMBER(G77),G77*5,0)+IF(ISNUMBER(G83),G83*5,0))/(IF(ISNUMBER(G65),5,0)+IF(ISNUMBER(G71),5,0)+IF(ISNUMBER(G77),5,0)+IF(ISNUMBER(G83),5,0))) | H89: =IF((IF(ISNUMBER(H65),5,0)+IF(ISNUMBER(H71),5,0)+IF(ISNUMBER(H77),5,0)+IF(ISNUMBER(H83),5,0))=0,"",(IF(ISNUMBER(H65),H65*5,0)+IF(ISNUMBER(H71),H71*5,0)+IF(ISNUMBER(H77),H77*5,0)+IF(ISNUMBER(H83),H83*5,0))/(IF(ISNUMBER(H65),5,0)+IF(ISNUMBER(H71),5,0)+IF(ISNUMBER(H77),5,0)+IF(ISNUMBER(H83),5,0))) | I89: =IF((IF(ISNUMBER(I65),5,0)+IF(ISNUMBER(I71),5,0)+IF(ISNUMBER(I77),5,0)+IF(ISNUMBER(I83),5,0))=0,"",(IF(ISNUMBER(I65),I65*5,0)+IF(ISNUMBER(I71),I71*5,0)+IF(ISNUMBER(I77),I77*5,0)+IF(ISNUMBER(I83),I83*5,0))/(IF(ISNUMBER(I65),5,0)+IF(ISNUMBER(I71),5,0)+IF(ISNUMBER(I77),5,0)+IF(ISNUMBER(I83),5,0))) | J89: =IF((IF(ISNUMBER(J65),5,0)+IF(ISNUMBER(J71),5,0)+IF(ISNUMBER(J77),5,0)+IF(ISNUMBER(J83),5,0))=0,"",(IF(ISNUMBER(J65),J65*5,0)+IF(ISNUMBER(J71),J71*5,0)+IF(ISNUMBER(J77),J77*5,0)+IF(ISNUMBER(J83),J83*5,0))/(IF(ISNUMBER(J65),5,0)+IF(ISNUMBER(J71),5,0)+IF(ISNUMBER(J77),5,0)+IF(ISNUMBER(J83),5,0))) | K89: =IF((IF(ISNUMBER(K65),5,0)+IF(ISNUMBER(K71),5,0)+IF(ISNUMBER(K77),5,0)+IF(ISNUMBER(K83),5,0))=0,"",(IF(ISNUMBER(K65),K65*5,0)+IF(ISNUMBER(K71),K71*5,0)+IF(ISNUMBER(K77),K77*5,0)+IF(ISNUMBER(K83),K83*5,0))/(IF(ISNUMBER(K65),5,0)+IF(ISNUMBER(K71),5,0)+IF(ISNUMBER(K77),5,0)+IF(ISNUMBER(K83),5,0))) | L89: =IF((IF(ISNUMBER(L65),5,0)+IF(ISNUMBER(L71),5,0)+IF(ISNUMBER(L77),5,0)+IF(ISNUMBER(L83),5,0))=0,"",(IF(ISNUMBER(L65),L65*5,0)+IF(ISNUMBER(L71),L71*5,0)+IF(ISNUMBER(L77),L77*5,0)+IF(ISNUMBER(L83),L83*5,0))/(IF(ISNUMBER(L65),5,0)+IF(ISNUMBER(L71),5,0)+IF(ISNUMBER(L77),5,0)+IF(ISNUMBER(L83),5,0))) | ... Y89: =IF((IF(ISNUMBER(Y65),5,0)+IF(ISNUMBER(Y71),5,0)+IF(ISNUMBER(Y77),5,0)+IF(ISNUMBER(Y83),5,0))=0,"",(IF(ISNUMBER(Y65),Y65*5,0)+IF(ISNUMBER(Y71),Y71*5,0)+IF(ISNUMBER(Y77),Y77*5,0)+IF(ISNUMBER(Y83),Y83*5,0))/(IF(ISNUMBER(Y65),5,0)+IF(ISNUMBER(Y71),5,0)+IF(ISNUMBER(Y77),5,0)+IF(ISNUMBER(Y83),5,0))) | Z89: =_xlfn.IFERROR(AVERAGE(E89:Y89),"")
A90: SUB-VARIABEL: BAGIAN I — Aparatur: F5 Pemanfaatan SIKS-NG Digital (Real-time) [D6]
B91: F5a | C91: Aparatur mampu mengoperasikan SIKS-NG secara MANDIRI untuk cek status DTSEN calon penerima secara real-time tanpa bantuan eksternal | D91: 10 | E91: =IF(COUNTA(E92:E96)=0,"",COUNTIF(E92:E96,"Ya")/5*100) | F91: =IF(COUNTA(F92:F96)=0,"",COUNTIF(F92:F96,"Ya")/5*100) | G91: =IF(COUNTA(G92:G96)=0,"",COUNTIF(G92:G96,"Ya")/5*100) | H91: =IF(COUNTA(H92:H96)=0,"",COUNTIF(H92:H96,"Ya")/5*100) | I91: =IF(COUNTA(I92:I96)=0,"",COUNTIF(I92:I96,"Ya")/5*100) | J91: =IF(COUNTA(J92:J96)=0,"",COUNTIF(J92:J96,"Ya")/5*100) | K91: =IF(COUNTA(K92:K96)=0,"",COUNTIF(K92:K96,"Ya")/5*100) | L91: =IF(COUNTA(L92:L96)=0,"",COUNTIF(L92:L96,"Ya")/5*100) | ... Y91: =IF(COUNTA(Y92:Y96)=0,"",COUNTIF(Y92:Y96,"Ya")/5*100) | Z91: =_xlfn.IFERROR(AVERAGE(E91:Y91),"")
B92: F5aa | C92: Aparatur yang ditugaskan memiliki akun aktif SIKS-NG
B93: F5ab | C93: Aparatur dapat login dan mengakses data tanpa bantuan pihak luar
B94: F5ac | C94: Aparatur dapat mendemonstrasikan pencarian status DTSEN calon penerima saat diminta
B95: F5ad | C95: Operasional SIKS-NG dilakukan sendiri secara rutin, bukan didelegasikan ke pihak ketiga/konsultan
B96: F5ae | C96: Aparatur pernah mengikuti pelatihan SIKS-NG dan memiliki bukti kompetensi (sertifikat/catatan pelatihan)
B97: F5b | C97: Data usulan penerima PKH Makmur seluruh kelurahan terinput digital & dapat diakses Dinas Sosial tanpa hambatan teknis | D97: 10 | E97: =IF(COUNTA(E98:E102)=0,"",COUNTIF(E98:E102,"Ya")/5*100) | F97: =IF(COUNTA(F98:F102)=0,"",COUNTIF(F98:F102,"Ya")/5*100) | G97: =IF(COUNTA(G98:G102)=0,"",COUNTIF(G98:G102,"Ya")/5*100) | H97: =IF(COUNTA(H98:H102)=0,"",COUNTIF(H98:H102,"Ya")/5*100) | I97: =IF(COUNTA(I98:I102)=0,"",COUNTIF(I98:I102,"Ya")/5*100) | J97: =IF(COUNTA(J98:J102)=0,"",COUNTIF(J98:J102,"Ya")/5*100) | K97: =IF(COUNTA(K98:K102)=0,"",COUNTIF(K98:K102,"Ya")/5*100) | L97: =IF(COUNTA(L98:L102)=0,"",COUNTIF(L98:L102,"Ya")/5*100) | ... Y97: =IF(COUNTA(Y98:Y102)=0,"",COUNTIF(Y98:Y102,"Ya")/5*100) | Z97: =_xlfn.IFERROR(AVERAGE(E97:Y97),"")
B98: F5ba | C98: Data usulan penerima dari kelurahan telah diinput ke dalam sistem digital
B99: F5bb | C99: Input data mencakup seluruh kelurahan di kecamatan, tidak ada yang tertinggal atau manual saja
B100: F5bc | C100: Data tersebut dapat diakses oleh Dinas Sosial melalui sistem tanpa kendala teknis
...

Sheet Cek_F
A1: CEK_F — KUESIONER F — KETERTIBAN UMUM (DIMENSI D7)
A2: Skala asli instrumen: 1–5. Isi kolom kecamatan (Ya/Tidak) pada baris sub-item (a-e) di bawah tiap indikator induk. Baris 'Skor' & 'SKOR SUBVAR'/'SKOR BLOK' terisi otomatis.
A3: No | B3: Kode | C3: Pernyataan / Uraian Indikator | D3: Bobot Asli (%) | E3: Tembung | F3: Belawan | G3: Marelan | H3: Amplas | I3: Perjuangan | J3: Deli | K3: Tuntungan | L3: Selayang | M3: Polonia | N3: Area | O3: Kota | P3: Baru | Q3: Johor | R3: Denai | S3: Labuhan | T3: Timur | U3: Barat | V3: Helvetia | W3: Sunggal | X3: Maimun | Y3: Petisah | Z3: Rata-rata Kota
A4: SUB-VARIABEL: BAGIAN I — Aparatur: G1 Kepatuhan Warga (Ps. 5-6 Perda No.10/2021) [D7]
B5: G1a | C5: Kepatuhan warga terhadap tertib jalan: pejalan kaki di trotoar, menyeberang di zebra cross, tidak berjualan di Rumija (Ps.8-9) | D5: 5 | E5: =IF(COUNTA(E6:E10)=0,"",COUNTIF(E6:E10,"Ya")/5*100) | F5: =IF(COUNTA(F6:F10)=0,"",COUNTIF(F6:F10,"Ya")/5*100) | G5: =IF(COUNTA(G6:G10)=0,"",COUNTIF(G6:G10,"Ya")/5*100) | H5: =IF(COUNTA(H6:H10)=0,"",COUNTIF(H6:H10,"Ya")/5*100) | I5: =IF(COUNTA(I6:I10)=0,"",COUNTIF(I6:I10,"Ya")/5*100) | J5: =IF(COUNTA(J6:J10)=0,"",COUNTIF(J6:J10,"Ya")/5*100) | K5: =IF(COUNTA(K6:K10)=0,"",COUNTIF(K6:K10,"Ya")/5*100) | L5: =IF(COUNTA(L6:L10)=0,"",COUNTIF(L6:L10,"Ya")/5*100) | ... Y5: =IF(COUNTA(Y6:Y10)=0,"",COUNTIF(Y6:Y10,"Ya")/5*100) | Z5: =_xlfn.IFERROR(AVERAGE(E5:Y5),"")
B6: G1aa | C6: Pejalan kaki terlihat menggunakan trotoar yang tersedia, bukan berjalan di badan jalan
B7: G1ab | C7: Warga menyeberang menggunakan zebra cross/tempat penyeberangan yang tersedia
B8: G1ac | C8: Tidak ditemukan pedagang berjualan di ruang milik jalan (Rumija) pada titik pantau
B9: G1ad | C9: Kondisi tertib jalan ini konsisten diamati di lebih dari satu titik/waktu pantau
B10: G1ae | C10: Kecamatan memiliki data/laporan pemantauan kepatuhan tertib jalan secara berkala
B11: G1b | C11: Kepatuhan warga terhadap tertib jalur hijau & taman: tidak merusak, tidak buang sampah, tidak berdagang di jalur hijau (Ps.13) | D11: 5 | E11: =IF(COUNTA(E12:E16)=0,"",COUNTIF(E12:E16,"Ya")/5*100) | F11: =IF(COUNTA(F12:F16)=0,"",COUNTIF(F12:F16,"Ya")/5*100) | G11: =IF(COUNTA(G12:G16)=0,"",COUNTIF(G12:G16,"Ya")/5*100) | H11: =IF(COUNTA(H12:H16)=0,"",COUNTIF(H12:H16,"Ya")/5*100) | I11: =IF(COUNTA(I12:I16)=0,"",COUNTIF(I12:I16,"Ya")/5*100) | J11: =IF(COUNTA(J12:J16)=0,"",COUNTIF(J12:J16,"Ya")/5*100) | K11: =IF(COUNTA(K12:K16)=0,"",COUNTIF(K12:K16,"Ya")/5*100) | L11: =IF(COUNTA(L12:L16)=0,"",COUNTIF(L12:L16,"Ya")/5*100) | ... Y11: =IF(COUNTA(Y12:Y16)=0,"",COUNTIF(Y12:Y16,"Ya")/5*100) | Z11: =_xlfn.IFERROR(AVERAGE(E11:Y11),"")
B12: G1ba | C12: Jalur hijau/taman yang dipantau tidak menunjukkan tanda kerusakan oleh aktivitas warga
B13: G1bb | C13: Tidak ditemukan sampah yang dibuang sembarangan di jalur hijau/taman
B14: G1bc | C14: Tidak ditemukan aktivitas berdagang di area jalur hijau/taman
B15: G1bd | C15: Kondisi ini konsisten pada lebih dari satu lokasi jalur hijau/taman yang dipantau
B16: G1be | C16: Kecamatan memiliki laporan pemantauan/patroli jalur hijau yang terdokumentasi
B17: G1c | C17: Kepatuhan tertib sosial: tidak ada pengemis mengganggu di jalan umum, tidak ada anak jalanan meresahkan (Ps.1 ayat 17-18) | D17: 5 | E17: =IF(COUNTA(E18:E22)=0,"",COUNTIF(E18:E22,"Ya")/5*100) | F17: =IF(COUNTA(F18:F22)=0,"",COUNTIF(F18:F22,"Ya")/5*100) | G17: =IF(COUNTA(G18:G22)=0,"",COUNTIF(G18:G22,"Ya")/5*100) | H17: =IF(COUNTA(H18:H22)=0,"",COUNTIF(H18:H22,"Ya")/5*100) | I17: =IF(COUNTA(I18:I22)=0,"",COUNTIF(I18:I22,"Ya")/5*100) | J17: =IF(COUNTA(J18:J22)=0,"",COUNTIF(J18:J22,"Ya")/5*100) | K17: =IF(COUNTA(K18:K22)=0,"",COUNTIF(K18:K22,"Ya")/5*100) | L17: =IF(COUNTA(L18:L22)=0,"",COUNTIF(L18:L22,"Ya")/5*100) | ... Y17: =IF(COUNTA(Y18:Y22)=0,"",COUNTIF(Y18:Y22,"Ya")/5*100) | Z17: =_xlfn.IFERROR(AVERAGE(E17:Y17),"")
B18: G1ca | C18: Tidak ditemukan pengemis yang mengganggu ketertiban di titik pantau saat kunjungan
B19: G1cb | C19: Tidak ditemukan anak jalanan yang meresahkan di titik pantau saat kunjungan
B20: G1cc | C20: Kecamatan memiliki data pemantauan terkait keberadaan pengemis/anak jalanan di wilayahnya
B21: G1cd | C21: Kondisi tertib ini konsisten pada lebih dari satu titik/waktu pemantauan
B22: G1ce | C22: Kecamatan memiliki laporan koordinasi penanganan isu ini dengan instansi terkait (Dinsos/Satpol PP)
B23: G1d | C23: Warga secara aktif menjaga kebersihan lingkungan: tidak membuang sampah di jalan/selokan (Ps.6 & Ps.12j) | D23: 5 | E23: =IF(COUNTA(E24:E28)=0,"",COUNTIF(E24:E28,"Ya")/5*100) | F23: =IF(COUNTA(F24:F28)=0,"",COUNTIF(F24:F28,"Ya")/5*100) | G23: =IF(COUNTA(G24:G28)=0,"",COUNTIF(G24:G28,"Ya")/5*100) | H23: =IF(COUNTA(H24:H28)=0,"",COUNTIF(H24:H28,"Ya")/5*100) | I23: =IF(COUNTA(I24:I28)=0,"",COUNTIF(I24:I28,"Ya")/5*100) | J23: =IF(COUNTA(J24:J28)=0,"",COUNTIF(J24:J28,"Ya")/5*100) | K23: =IF(COUNTA(K24:K28)=0,"",COUNTIF(K24:K28,"Ya")/5*100) | L23: =IF(COUNTA(L24:L28)=0,"",COUNTIF(L24:L28,"Ya")/5*100) | ... Y23: =IF(COUNTA(Y24:Y28)=0,"",COUNTIF(Y24:Y28,"Ya")/5*100) | Z23: =_xlfn.IFERROR(AVERAGE(E23:Y23),"")
B24: G1da | C24: Selokan/saluran air di titik pantau terlihat relatif bersih dari sampah
B25: G1db | C25: Tidak ditemukan tumpukan sampah baru di badan jalan pada titik pantau
B26: G1dc | C26: Terdapat indikasi kesadaran warga menjaga kebersihan, tidak ada praktik buang sampah yang teramati langsung
B27: G1dd | C27: Kondisi ini konsisten di lebih dari satu titik pemantauan dalam kecamatan
B28: G1de | C28: Kecamatan memiliki program/laporan edukasi kebersihan lingkungan yang mendukung kondisi ini
C29: SKOR SUB-VARIABEL: G1 Kepatuhan Warga | D29: 20 | E29: =IF((IF(ISNUMBER(E5),5,0)+IF(ISNUMBER(E11),5,0)+IF(ISNUMBER(E17),5,0)+IF(ISNUMBER(E23),5,0))=0,"",(IF(ISNUMBER(E5),E5*5,0)+IF(ISNUMBER(E11),E11*5,0)+IF(ISNUMBER(E17),E17*5,0)+IF(ISNUMBER(E23),E23*5,0))/(IF(ISNUMBER(E5),5,0)+IF(ISNUMBER(E11),5,0)+IF(ISNUMBER(E17),5,0)+IF(ISNUMBER(E23),5,0))) | F29: =IF((IF(ISNUMBER(F5),5,0)+IF(ISNUMBER(F11),5,0)+IF(ISNUMBER(F17),5,0)+IF(ISNUMBER(F23),5,0))=0,"",(IF(ISNUMBER(F5),F5*5,0)+IF(ISNUMBER(F11),F11*5,0)+IF(ISNUMBER(F17),F17*5,0)+IF(ISNUMBER(F23),F23*5,0))/(IF(ISNUMBER(F5),5,0)+IF(ISNUMBER(F11),5,0)+IF(ISNUMBER(F17),5,0)+IF(ISNUMBER(F23),5,0))) | G29: =IF((IF(ISNUMBER(G5),5,0)+IF(ISNUMBER(G11),5,0)+IF(ISNUMBER(G17),5,0)+IF(ISNUMBER(G23),5,0))=0,"",(IF(ISNUMBER(G5),G5*5,0)+IF(ISNUMBER(G11),G11*5,0)+IF(ISNUMBER(G17),G17*5,0)+IF(ISNUMBER(G23),G23*5,0))/(IF(ISNUMBER(G5),5,0)+IF(ISNUMBER(G11),5,0)+IF(ISNUMBER(G17),5,0)+IF(ISNUMBER(G23),5,0))) | H29: =IF((IF(ISNUMBER(H5),5,0)+IF(ISNUMBER(H11),5,0)+IF(ISNUMBER(H17),5,0)+IF(ISNUMBER(H23),5,0))=0,"",(IF(ISNUMBER(H5),H5*5,0)+IF(ISNUMBER(H11),H11*5,0)+IF(ISNUMBER(H17),H17*5,0)+IF(ISNUMBER(H23),H23*5,0))/(IF(ISNUMBER(H5),5,0)+IF(ISNUMBER(H11),5,0)+IF(ISNUMBER(H17),5,0)+IF(ISNUMBER(H23),5,0))) | I29: =IF((IF(ISNUMBER(I5),5,0)+IF(ISNUMBER(I11),5,0)+IF(ISNUMBER(I17),5,0)+IF(ISNUMBER(I23),5,0))=0,"",(IF(ISNUMBER(I5),I5*5,0)+IF(ISNUMBER(I11),I11*5,0)+IF(ISNUMBER(I17),I17*5,0)+IF(ISNUMBER(I23),I23*5,0))/(IF(ISNUMBER(I5),5,0)+IF(ISNUMBER(I11),5,0)+IF(ISNUMBER(I17),5,0)+IF(ISNUMBER(I23),5,0))) | J29: =IF((IF(ISNUMBER(J5),5,0)+IF(ISNUMBER(J11),5,0)+IF(ISNUMBER(J17),5,0)+IF(ISNUMBER(J23),5,0))=0,"",(IF(ISNUMBER(J5),J5*5,0)+IF(ISNUMBER(J11),J11*5,0)+IF(ISNUMBER(J17),J17*5,0)+IF(ISNUMBER(J23),J23*5,0))/(IF(ISNUMBER(J5),5,0)+IF(ISNUMBER(J11),5,0)+IF(ISNUMBER(J17),5,0)+IF(ISNUMBER(J23),5,0))) | K29: =IF((IF(ISNUMBER(K5),5,0)+IF(ISNUMBER(K11),5,0)+IF(ISNUMBER(K17),5,0)+IF(ISNUMBER(K23),5,0))=0,"",(IF(ISNUMBER(K5),K5*5,0)+IF(ISNUMBER(K11),K11*5,0)+IF(ISNUMBER(K17),K17*5,0)+IF(ISNUMBER(K23),K23*5,0))/(IF(ISNUMBER(K5),5,0)+IF(ISNUMBER(K11),5,0)+IF(ISNUMBER(K17),5,0)+IF(ISNUMBER(K23),5,0))) | L29: =IF((IF(ISNUMBER(L5),5,0)+IF(ISNUMBER(L11),5,0)+IF(ISNUMBER(L17),5,0)+IF(ISNUMBER(L23),5,0))=0,"",(IF(ISNUMBER(L5),L5*5,0)+IF(ISNUMBER(L11),L11*5,0)+IF(ISNUMBER(L17),L17*5,0)+IF(ISNUMBER(L23),L23*5,0))/(IF(ISNUMBER(L5),5,0)+IF(ISNUMBER(L11),5,0)+IF(ISNUMBER(L17),5,0)+IF(ISNUMBER(L23),5,0))) | ... Y29: =IF((IF(ISNUMBER(Y5),5,0)+IF(ISNUMBER(Y11),5,0)+IF(ISNUMBER(Y17),5,0)+IF(ISNUMBER(Y23),5,0))=0,"",(IF(ISNUMBER(Y5),Y5*5,0)+IF(ISNUMBER(Y11),Y11*5,0)+IF(ISNUMBER(Y17),Y17*5,0)+IF(ISNUMBER(Y23),Y23*5,0))/(IF(ISNUMBER(Y5),5,0)+IF(ISNUMBER(Y11),5,0)+IF(ISNUMBER(Y17),5,0)+IF(ISNUMBER(Y23),5,0))) | Z29: =_xlfn.IFERROR(AVERAGE(E29:Y29),"")
A30: SUB-VARIABEL: BAGIAN I — Aparatur: G2 Operasi Penertiban Satpol PP (Ps. 7 Perda No.10/2021) [D7]
B31: G2a | C31: Frekuensi operasi penertiban PKL liar oleh Satpol PP di zona prioritas kecamatan (target min. 1x/bulan) | D31: 5 | E31: =IF(COUNTA(E32:E36)=0,"",COUNTIF(E32:E36,"Ya")/5*100) | F31: =IF(COUNTA(F32:F36)=0,"",COUNTIF(F32:F36,"Ya")/5*100) | G31: =IF(COUNTA(G32:G36)=0,"",COUNTIF(G32:G36,"Ya")/5*100) | H31: =IF(COUNTA(H32:H36)=0,"",COUNTIF(H32:H36,"Ya")/5*100) | I31: =IF(COUNTA(I32:I36)=0,"",COUNTIF(I32:I36,"Ya")/5*100) | J31: =IF(COUNTA(J32:J36)=0,"",COUNTIF(J32:J36,"Ya")/5*100) | K31: =IF(COUNTA(K32:K36)=0,"",COUNTIF(K32:K36,"Ya")/5*100) | L31: =IF(COUNTA(L32:L36)=0,"",COUNTIF(L32:L36,"Ya")/5*100) | ... Y31: =IF(COUNTA(Y32:Y36)=0,"",COUNTIF(Y32:Y36,"Ya")/5*100) | Z31: =_xlfn.IFERROR(AVERAGE(E31:Y31),"")
B32: G2aa | C32: Zona prioritas penertiban PKL liar telah ditetapkan kecamatan
B33: G2ab | C33: Operasi penertiban PKL liar tercatat dilaksanakan minimal 1 kali pada bulan terakhir
B34: G2ac | C34: Frekuensi tersebut konsisten selama 3 bulan terakhir
B35: G2ad | C35: Operasi melibatkan koordinasi dengan Satpol PP wilayah, bukan hanya rencana kecamatan sendiri
B36: G2ae | C36: Tersedia laporan operasi penertiban (waktu, lokasi, hasil) yang terdokumentasi untuk setiap pelaksanaan
B37: G2b | C37: Efektivitas penertiban bangunan liar & vandalisme di fasilitas umum/jalur hijau (ada bukti nyata penindakan/relokasi) | D37: 5 | E37: =IF(COUNTA(E38:E42)=0,"",COUNTIF(E38:E42,"Ya")/5*100) | F37: =IF(COUNTA(F38:F42)=0,"",COUNTIF(F38:F42,"Ya")/5*100) | G37: =IF(COUNTA(G38:G42)=0,"",COUNTIF(G38:G42,"Ya")/5*100) | H37: =IF(COUNTA(H38:H42)=0,"",COUNTIF(H38:H42,"Ya")/5*100) | I37: =IF(COUNTA(I38:I42)=0,"",COUNTIF(I38:I42,"Ya")/5*100) | J37: =IF(COUNTA(J38:J42)=0,"",COUNTIF(J38:J42,"Ya")/5*100) | K37: =IF(COUNTA(K38:K42)=0,"",COUNTIF(K38:K42,"Ya")/5*100) | L37: =IF(COUNTA(L38:L42)=0,"",COUNTIF(L38:L42,"Ya")/5*100) | ... Y37: =IF(COUNTA(Y38:Y42)=0,"",COUNTIF(Y38:Y42,"Ya")/5*100) | Z37: =_xlfn.IFERROR(AVERAGE(E37:Y37),"")
B38: G2ba | C38: Kecamatan/Satpol PP memiliki data bangunan liar/titik vandalisme yang teridentifikasi
B39: G2bb | C39: Tindakan penertiban/penindakan dilakukan terhadap temuan tersebut
B40: G2bc | C40: Terdapat bukti nyata hasil penindakan, seperti foto sebelum-sesudah atau relokasi/pembongkaran
B41: G2bd | C41: Lokasi yang telah ditertibkan tidak kembali muncul pelanggaran serupa dalam pemantauan berikutnya
B42: G2be | C42: Tersedia laporan penertiban yang terdokumentasi lengkap dengan tindak lanjutnya
B43: G2c | C43: Penanganan pelanggaran tertib sosial (pengemis, anak jalanan, miras ilegal) — kecamatan berkoordinasi aktif dengan Dinsos & Satpol PP | D43: 5 | E43: =IF(COUNTA(E44:E48)=0,"",COUNTIF(E44:E48,"Ya")/5*100) | F43: =IF(COUNTA(F44:F48)=0,"",COUNTIF(F44:F48,"Ya")/5*100) | G43: =IF(COUNTA(G44:G48)=0,"",COUNTIF(G44:G48,"Ya")/5*100) | H43: =IF(COUNTA(H44:H48)=0,"",COUNTIF(H44:H48,"Ya")/5*100) | I43: =IF(COUNTA(I44:I48)=0,"",COUNTIF(I44:I48,"Ya")/5*100) | J43: =IF(COUNTA(J44:J48)=0,"",COUNTIF(J44:J48,"Ya")/5*100) | K43: =IF(COUNTA(K44:K48)=0,"",COUNTIF(K44:K48,"Ya")/5*100) | L43: =IF(COUNTA(L44:L48)=0,"",COUNTIF(L44:L48,"Ya")/5*100) | ... Y43: =IF(COUNTA(Y44:Y48)=0,"",COUNTIF(Y44:Y48,"Ya")/5*100) | Z43: =_xlfn.IFERROR(AVERAGE(E43:Y43),"")
B44: G2ca | C44: Kecamatan memiliki jalur koordinasi resmi dengan Dinas Sosial dan Satpol PP terkait tertib sosial
B45: G2cb | C45: Kasus pelanggaran tertib sosial (pengemis, anak jalanan, miras ilegal) yang ditemukan dilaporkan ke instansi terkait
B46: G2cc | C46: Terdapat tindak lanjut nyata dari laporan tersebut, seperti razia bersama atau rujukan penanganan
B47: G2cd | C47: Koordinasi ini berjalan rutin, bukan hanya saat terjadi kasus besar/insidental
B48: G2ce | C48: Tersedia laporan/catatan koordinasi dan hasil penanganan yang terdokumentasi
B49: G2d | C49: Tindak lanjut pengaduan warga terkait pelanggaran ketertiban diselesaikan dalam ≤3 hari kerja | D49: 5 | E49: =IF(COUNTA(E50:E54)=0,"",COUNTIF(E50:E54,"Ya")/5*100) | F49: =IF(COUNTA(F50:F54)=0,"",COUNTIF(F50:F54,"Ya")/5*100) | G49: =IF(COUNTA(G50:G54)=0,"",COUNTIF(G50:G54,"Ya")/5*100) | H49: =IF(COUNTA(H50:H54)=0,"",COUNTIF(H50:H54,"Ya")/5*100) | I49: =IF(COUNTA(I50:I54)=0,"",COUNTIF(I50:I54,"Ya")/5*100) | J49: =IF(COUNTA(J50:J54)=0,"",COUNTIF(J50:J54,"Ya")/5*100) | K49: =IF(COUNTA(K50:K54)=0,"",COUNTIF(K50:K54,"Ya")/5*100) | L49: =IF(COUNTA(L50:L54)=0,"",COUNTIF(L50:L54,"Ya")/5*100) | ... Y49: =IF(COUNTA(Y50:Y54)=0,"",COUNTIF(Y50:Y54,"Ya")/5*100) | Z49: =_xlfn.IFERROR(AVERAGE(E49:Y49),"")
B50: G2da | C50: Tersedia kanal pengaduan ketertiban yang dapat diakses warga
B51: G2db | C51: Pengaduan yang masuk dicatat dengan tanggal/waktu penerimaan
B52: G2dc | C52: Tindak lanjut atas pengaduan dilakukan dalam paling lambat 3 hari kerja pada sampel yang diperiksa
B53: G2dd | C53: Sebagian besar, lebih dari 70%, pengaduan pada sampel terselesaikan dalam tenggat tersebut
B54: G2de | C54: Tersedia rekap pengaduan & waktu penyelesaian yang dapat diverifikasi
C55: SKOR SUB-VARIABEL: G2 Operasi Penertiban | D55: 20 | E55: =IF((IF(ISNUMBER(E31),5,0)+IF(ISNUMBER(E37),5,0)+IF(ISNUMBER(E43),5,0)+IF(ISNUMBER(E49),5,0))=0,"",(IF(ISNUMBER(E31),E31*5,0)+IF(ISNUMBER(E37),E37*5,0)+IF(ISNUMBER(E43),E43*5,0)+IF(ISNUMBER(E49),E49*5,0))/(IF(ISNUMBER(E31),5,0)+IF(ISNUMBER(E37),5,0)+IF(ISNUMBER(E43),5,0)+IF(ISNUMBER(E49),5,0))) | F55: =IF((IF(ISNUMBER(F31),5,0)+IF(ISNUMBER(F37),5,0)+IF(ISNUMBER(F43),5,0)+IF(ISNUMBER(F49),5,0))=0,"",(IF(ISNUMBER(F31),F31*5,0)+IF(ISNUMBER(F37),F37*5,0)+IF(ISNUMBER(F43),F43*5,0)+IF(ISNUMBER(F49),F49*5,0))/(IF(ISNUMBER(F31),5,0)+IF(ISNUMBER(F37),5,0)+IF(ISNUMBER(F43),5,0)+IF(ISNUMBER(F49),5,0))) | G55: =IF((IF(ISNUMBER(G31),5,0)+IF(ISNUMBER(G37),5,0)+IF(ISNUMBER(G43),5,0)+IF(ISNUMBER(G49),5,0))=0,"",(IF(ISNUMBER(G31),G31*5,0)+IF(ISNUMBER(G37),G37*5,0)+IF(ISNUMBER(G43),G43*5,0)+IF(ISNUMBER(G49),G49*5,0))/(IF(ISNUMBER(G31),5,0)+IF(ISNUMBER(G37),5,0)+IF(ISNUMBER(G43),5,0)+IF(ISNUMBER(G49),5,0))) | H55: =IF((IF(ISNUMBER(H31),5,0)+IF(ISNUMBER(H37),5,0)+IF(ISNUMBER(H43),5,0)+IF(ISNUMBER(H49),5,0))=0,"",(IF(ISNUMBER(H31),H31*5,0)+IF(ISNUMBER(H37),H37*5,0)+IF(ISNUMBER(H43),H43*5,0)+IF(ISNUMBER(H49),H49*5,0))/(IF(ISNUMBER(H31),5,0)+IF(ISNUMBER(H37),5,0)+IF(ISNUMBER(H43),5,0)+IF(ISNUMBER(H49),5,0))) | I55: =IF((IF(ISNUMBER(I31),5,0)+IF(ISNUMBER(I37),5,0)+IF(ISNUMBER(I43),5,0)+IF(ISNUMBER(I49),5,0))=0,"",(IF(ISNUMBER(I31),I31*5,0)+IF(ISNUMBER(I37),I37*5,0)+IF(ISNUMBER(I43),I43*5,0)+IF(ISNUMBER(I49),I49*5,0))/(IF(ISNUMBER(I31),5,0)+IF(ISNUMBER(I37),5,0)+IF(ISNUMBER(I43),5,0)+IF(ISNUMBER(I49),5,0))) | J55: =IF((IF(ISNUMBER(J31),5,0)+IF(ISNUMBER(J37),5,0)+IF(ISNUMBER(J43),5,0)+IF(ISNUMBER(J49),5,0))=0,"",(IF(ISNUMBER(J31),J31*5,0)+IF(ISNUMBER(J37),J37*5,0)+IF(ISNUMBER(J43),J43*5,0)+IF(ISNUMBER(J49),J49*5,0))/(IF(ISNUMBER(J31),5,0)+IF(ISNUMBER(J37),5,0)+IF(ISNUMBER(J43),5,0)+IF(ISNUMBER(J49),5,0))) | K55: =IF((IF(ISNUMBER(K31),5,0)+IF(ISNUMBER(K37),5,0)+IF(ISNUMBER(K43),5,0)+IF(ISNUMBER(K49),5,0))=0,"",(IF(ISNUMBER(K31),K31*5,0)+IF(ISNUMBER(K37),K37*5,0)+IF(ISNUMBER(K43),K43*5,0)+IF(ISNUMBER(K49),K49*5,0))/(IF(ISNUMBER(K31),5,0)+IF(ISNUMBER(K37),5,0)+IF(ISNUMBER(K43),5,0)+IF(ISNUMBER(K49),5,0))) | L55: =IF((IF(ISNUMBER(L31),5,0)+IF(ISNUMBER(L37),5,0)+IF(ISNUMBER(L43),5,0)+IF(ISNUMBER(L49),5,0))=0,"",(IF(ISNUMBER(L31),L31*5,0)+IF(ISNUMBER(L37),L37*5,0)+IF(ISNUMBER(L43),L43*5,0)+IF(ISNUMBER(L49),L49*5,0))/(IF(ISNUMBER(L31),5,0)+IF(ISNUMBER(L37),5,0)+IF(ISNUMBER(L43),5,0)+IF(ISNUMBER(L49),5,0))) | ... Y55: =IF((IF(ISNUMBER(Y31),5,0)+IF(ISNUMBER(Y37),5,0)+IF(ISNUMBER(Y43),5,0)+IF(ISNUMBER(Y49),5,0))=0,"",(IF(ISNUMBER(Y31),Y31*5,0)+IF(ISNUMBER(Y37),Y37*5,0)+IF(ISNUMBER(Y43),Y43*5,0)+IF(ISNUMBER(Y49),Y49*5,0))/(IF(ISNUMBER(Y31),5,0)+IF(ISNUMBER(Y37),5,0)+IF(ISNUMBER(Y43),5,0)+IF(ISNUMBER(Y49),5,0))) | Z55: =_xlfn.IFERROR(AVERAGE(E55:Y55),"")
A56: SUB-VARIABEL: BAGIAN I — Aparatur: G3 Kondisi Ruang Publik (Ps. 7a-c & 13 Perda No.10/2021) [D7]
B57: G3a | C57: Jalan & trotoar di wilayah kecamatan bebas dari hambatan PKL liar, parkir liar, dan material konstruksi (Ps.9) | D57: 6.7 | E57: =IF(COUNTA(E58:E62)=0,"",COUNTIF(E58:E62,"Ya")/5*100) | F57: =IF(COUNTA(F58:F62)=0,"",COUNTIF(F58:F62,"Ya")/5*100) | G57: =IF(COUNTA(G58:G62)=0,"",COUNTIF(G58:G62,"Ya")/5*100) | H57: =IF(COUNTA(H58:H62)=0,"",COUNTIF(H58:H62,"Ya")/5*100) | I57: =IF(COUNTA(I58:I62)=0,"",COUNTIF(I58:I62,"Ya")/5*100) | J57: =IF(COUNTA(J58:J62)=0,"",COUNTIF(J58:J62,"Ya")/5*100) | K57: =IF(COUNTA(K58:K62)=0,"",COUNTIF(K58:K62,"Ya")/5*100) | L57: =IF(COUNTA(L58:L62)=0,"",COUNTIF(L58:L62,"Ya")/5*100) | ... Y57: =IF(COUNTA(Y58:Y62)=0,"",COUNTIF(Y58:Y62,"Ya")/5*100) | Z57: =_xlfn.IFERROR(AVERAGE(E57:Y57),"")
B58: G3aa | C58: Trotoar pada titik pantau dapat dilalui pejalan kaki tanpa hambatan berarti
B59: G3ab | C59: Tidak ditemukan PKL liar yang menghalangi jalan/trotoar di titik pantau
B60: G3ac | C60: Tidak ditemukan kendaraan parkir liar yang mengganggu arus jalan di titik pantau
B61: G3ad | C61: Tidak ditemukan material konstruksi yang dibiarkan menghalangi jalan/trotoar
B62: G3ae | C62: Kondisi bebas hambatan ini konsisten di lebih dari satu titik pemantauan
B63: G3b | C63: Jalur hijau, taman & RTH terawat, bebas vandalisme dan encroachment bangunan liar (Ps.13) | D63: 6.7 | E63: =IF(COUNTA(E64:E68)=0,"",COUNTIF(E64:E68,"Ya")/5*100) | F63: =IF(COUNTA(F64:F68)=0,"",COUNTIF(F64:F68,"Ya")/5*100) | G63: =IF(COUNTA(G64:G68)=0,"",COUNTIF(G64:G68,"Ya")/5*100) | H63: =IF(COUNTA(H64:H68)=0,"",COUNTIF(H64:H68,"Ya")/5*100) | I63: =IF(COUNTA(I64:I68)=0,"",COUNTIF(I64:I68,"Ya")/5*100) | J63: =IF(COUNTA(J64:J68)=0,"",COUNTIF(J64:J68,"Ya")/5*100) | K63: =IF(COUNTA(K64:K68)=0,"",COUNTIF(K64:K68,"Ya")/5*100) | L63: =IF(COUNTA(L64:L68)=0,"",COUNTIF(L64:L68,"Ya")/5*100) | ... Y63: =IF(COUNTA(Y64:Y68)=0,"",COUNTIF(Y64:Y68,"Ya")/5*100) | Z63: =_xlfn.IFERROR(AVERAGE(E63:Y63),"")
B64: G3ba | C64: Jalur hijau/taman/RTH pada titik pantau terlihat terawat, rumput/tanaman terpelihara
B65: G3bb | C65: Tidak ditemukan tanda vandalisme, seperti coretan atau kerusakan fasilitas, pada titik pantau
B66: G3bc | C66: Tidak ditemukan bangunan liar yang menempati area jalur hijau/RTH
B67: G3bd | C67: Fasilitas pendukung, seperti bangku, lampu taman, dan pagar, dalam kondisi berfungsi baik
B68: G3be | C68: Kondisi terawat ini konsisten di lebih dari satu lokasi RTH yang dipantau
B69: G3c | C69: Sungai & selokan bebas dari pembuangan sampah liar dan pembuangan air besar/kecil sembarangan (Ps.12j & Ps.9a) | D69: 6.6 | E69: =IF(COUNTA(E70:E74)=0,"",COUNTIF(E70:E74,"Ya")/5*100) | F69: =IF(COUNTA(F70:F74)=0,"",COUNTIF(F70:F74,"Ya")/5*100) | G69: =IF(COUNTA(G70:G74)=0,"",COUNTIF(G70:G74,"Ya")/5*100) | H69: =IF(COUNTA(H70:H74)=0,"",COUNTIF(H70:H74,"Ya")/5*100) | I69: =IF(COUNTA(I70:I74)=0,"",COUNTIF(I70:I74,"Ya")/5*100) | J69: =IF(COUNTA(J70:J74)=0,"",COUNTIF(J70:J74,"Ya")/5*100) | K69: =IF(COUNTA(K70:K74)=0,"",COUNTIF(K70:K74,"Ya")/5*100) | L69: =IF(COUNTA(L70:L74)=0,"",COUNTIF(L70:L74,"Ya")/5*100) | ... Y69: =IF(COUNTA(Y70:Y74)=0,"",COUNTIF(Y70:Y74,"Ya")/5*100) | Z69: =_xlfn.IFERROR(AVERAGE(E69:Y69),"")
B70: G3ca | C70: Sungai/selokan pada titik pantau tidak dipenuhi sampah yang menyumbat aliran
B71: G3cb | C71: Tidak ditemukan aktivitas pembuangan sampah baru secara langsung ke sungai/selokan saat pemantauan
B72: G3cc | C72: Tidak ditemukan indikasi praktik buang air besar/kecil sembarangan di area tersebut
B73: G3cd | C73: Kondisi ini konsisten di lebih dari satu titik sungai/selokan yang dipantau
B74: G3ce | C74: Kecamatan memiliki program/laporan pemantauan kebersihan sungai & selokan secara berkala
C75: SKOR SUB-VARIABEL: G3 Ruang Publik | D75: 20 | E75: =IF((IF(ISNUMBER(E57),6.7,0)+IF(ISNUMBER(E63),6.7,0)+IF(ISNUMBER(E69),6.6,0))=0,"",(IF(ISNUMBER(E57),E57*6.7,0)+IF(ISNUMBER(E63),E63*6.7,0)+IF(ISNUMBER(E69),E69*6.6,0))/(IF(ISNUMBER(E57),6.7,0)+IF(ISNUMBER(E63),6.7,0)+IF(ISNUMBER(E69),6.6,0))) | F75: =IF((IF(ISNUMBER(F57),6.7,0)+IF(ISNUMBER(F63),6.7,0)+IF(ISNUMBER(F69),6.6,0))=0,"",(IF(ISNUMBER(F57),F57*6.7,0)+IF(ISNUMBER(F63),F63*6.7,0)+IF(ISNUMBER(F69),F69*6.6,0))/(IF(ISNUMBER(F57),6.7,0)+IF(ISNUMBER(F63),6.7,0)+IF(ISNUMBER(F69),6.6,0))) | G75: =IF((IF(ISNUMBER(G57),6.7,0)+IF(ISNUMBER(G63),6.7,0)+IF(ISNUMBER(G69),6.6,0))=0,"",(IF(ISNUMBER(G57),G57*6.7,0)+IF(ISNUMBER(G63),G63*6.7,0)+IF(ISNUMBER(G69),G69*6.6,0))/(IF(ISNUMBER(G57),6.7,0)+IF(ISNUMBER(G63),6.7,0)+IF(ISNUMBER(G69),6.6,0))) | H75: =IF((IF(ISNUMBER(H57),6.7,0)+IF(ISNUMBER(H63),6.7,0)+IF(ISNUMBER(H69),6.6,0))=0,"",(IF(ISNUMBER(H57),H57*6.7,0)+IF(ISNUMBER(H63),H63*6.7,0)+IF(ISNUMBER(H69),H69*6.6,0))/(IF(ISNUMBER(H57),6.7,0)+IF(ISNUMBER(H63),6.7,0)+IF(ISNUMBER(H69),6.6,0))) | I75: =IF((IF(ISNUMBER(I57),6.7,0)+IF(ISNUMBER(I63),6.7,0)+IF(ISNUMBER(I69),6.6,0))=0,"",(IF(ISNUMBER(I57),I57*6.7,0)+IF(ISNUMBER(I63),I63*6.7,0)+IF(ISNUMBER(I69),I69*6.6,0))/(IF(ISNUMBER(I57),6.7,0)+IF(ISNUMBER(I63),6.7,0)+IF(ISNUMBER(I69),6.6,0))) | J75: =IF((IF(ISNUMBER(J57),6.7,0)+IF(ISNUMBER(J63),6.7,0)+IF(ISNUMBER(J69),6.6,0))=0,"",(IF(ISNUMBER(J57),J57*6.7,0)+IF(ISNUMBER(J63),J63*6.7,0)+IF(ISNUMBER(J69),J69*6.6,0))/(IF(ISNUMBER(J57),6.7,0)+IF(ISNUMBER(J63),6.7,0)+IF(ISNUMBER(J69),6.6,0))) | K75: =IF((IF(ISNUMBER(K57),6.7,0)+IF(ISNUMBER(K63),6.7,0)+IF(ISNUMBER(K69),6.6,0))=0,"",(IF(ISNUMBER(K57),K57*6.7,0)+IF(ISNUMBER(K63),K63*6.7,0)+IF(ISNUMBER(K69),K69*6.6,0))/(IF(ISNUMBER(K57),6.7,0)+IF(ISNUMBER(K63),6.7,0)+IF(ISNUMBER(K69),6.6,0))) | L75: =IF((IF(ISNUMBER(L57),6.7,0)+IF(ISNUMBER(L63),6.7,0)+IF(ISNUMBER(L69),6.6,0))=0,"",(IF(ISNUMBER(L57),L57*6.7,0)+IF(ISNUMBER(L63),L63*6.7,0)+IF(ISNUMBER(L69),L69*6.6,0))/(IF(ISNUMBER(L57),6.7,0)+IF(ISNUMBER(L63),6.7,0)+IF(ISNUMBER(L69),6.6,0))) | ... Y75: =IF((IF(ISNUMBER(Y57),6.7,0)+IF(ISNUMBER(Y63),6.7,0)+IF(ISNUMBER(Y69),6.6,0))=0,"",(IF(ISNUMBER(Y57),Y57*6.7,0)+IF(ISNUMBER(Y63),Y63*6.7,0)+IF(ISNUMBER(Y69),Y69*6.6,0))/(IF(ISNUMBER(Y57),6.7,0)+IF(ISNUMBER(Y63),6.7,0)+IF(ISNUMBER(Y69),6.6,0))) | Z75: =_xlfn.IFERROR(AVERAGE(E75:Y75),"")
A76: SUB-VARIABEL: BAGIAN I — Aparatur: G4 Tertib Sosial & Usaha (Ps. 7f-j Perda No.10/2021) [D7]
B77: G4a | C77: Usaha pariwisata & tempat usaha beroperasi sesuai izin resmi; tidak ada usaha ilegal yang mengganggu ketertiban umum (Ps.7f-g) | D77: 10 | E77: =IF(COUNTA(E78:E82)=0,"",COUNTIF(E78:E82,"Ya")/5*100) | F77: =IF(COUNTA(F78:F82)=0,"",COUNTIF(F78:F82,"Ya")/5*100) | G77: =IF(COUNTA(G78:G82)=0,"",COUNTIF(G78:G82,"Ya")/5*100) | H77: =IF(COUNTA(H78:H82)=0,"",COUNTIF(H78:H82,"Ya")/5*100) | I77: =IF(COUNTA(I78:I82)=0,"",COUNTIF(I78:I82,"Ya")/5*100) | J77: =IF(COUNTA(J78:J82)=0,"",COUNTIF(J78:J82,"Ya")/5*100) | K77: =IF(COUNTA(K78:K82)=0,"",COUNTIF(K78:K82,"Ya")/5*100) | L77: =IF(COUNTA(L78:L82)=0,"",COUNTIF(L78:L82,"Ya")/5*100) | ... Y77: =IF(COUNTA(Y78:Y82)=0,"",COUNTIF(Y78:Y82,"Ya")/5*100) | Z77: =_xlfn.IFERROR(AVERAGE(E77:Y77),"")
B78: G4aa | C78: Kecamatan memiliki data usaha pariwisata/tempat usaha yang beroperasi di wilayahnya
B79: G4ab | C79: Sampel usaha yang diperiksa memiliki izin resmi yang berlaku
B80: G4ac | C80: Tidak ditemukan usaha yang beroperasi tanpa izin pada sampel yang diperiksa
B81: G4ad | C81: Tidak ada laporan/keluhan gangguan ketertiban umum akibat aktivitas usaha tersebut
B82: G4ae | C82: Kecamatan memiliki mekanisme pengawasan izin usaha yang berjalan rutin
B83: G4b | C83: Tidak ada reklame liar, portal jalan tanpa izin, dan terminal bayangan di wilayah kecamatan (Ps.9d-e, Ps.9-5a) | D83: 10 | E83: =IF(COUNTA(E84:E88)=0,"",COUNTIF(E84:E88,"Ya")/5*100) | F83: =IF(COUNTA(F84:F88)=0,"",COUNTIF(F84:F88,"Ya")/5*100) | G83: =IF(COUNTA(G84:G88)=0,"",COUNTIF(G84:G88,"Ya")/5*100) | H83: =IF(COUNTA(H84:H88)=0,"",COUNTIF(H84:H88,"Ya")/5*100) | I83: =IF(COUNTA(I84:I88)=0,"",COUNTIF(I84:I88,"Ya")/5*100) | J83: =IF(COUNTA(J84:J88)=0,"",COUNTIF(J84:J88,"Ya")/5*100) | K83: =IF(COUNTA(K84:K88)=0,"",COUNTIF(K84:K88,"Ya")/5*100) | L83: =IF(COUNTA(L84:L88)=0,"",COUNTIF(L84:L88,"Ya")/5*100) | ... Y83: =IF(COUNTA(Y84:Y88)=0,"",COUNTIF(Y84:Y88,"Ya")/5*100) | Z83: =_xlfn.IFERROR(AVERAGE(E83:Y83),"")
B84: G4ba | C84: Tidak ditemukan reklame/baliho tanpa izin pada titik pantau
B85: G4bb | C85: Tidak ditemukan portal jalan yang dipasang tanpa izin resmi
B86: G4bc | C86: Tidak ditemukan aktivitas terminal bayangan atau angkutan liar pada titik pantau
B87: G4bd | C87: Kondisi bebas pelanggaran ini konsisten di lebih dari satu titik pemantauan
B88: G4be | C88: Kecamatan memiliki laporan penertiban reklame/portal/terminal liar bila sebelumnya ditemukan pelanggaran
C89: SKOR SUB-VARIABEL: G4 Tertib Sosial & Usaha | D89: 20 | E89: =IF((IF(ISNUMBER(E77),10,0)+IF(ISNUMBER(E83),10,0))=0,"",(IF(ISNUMBER(E77),E77*10,0)+IF(ISNUMBER(E83),E83*10,0))/(IF(ISNUMBER(E77),10,0)+IF(ISNUMBER(E83),10,0))) | F89: =IF((IF(ISNUMBER(F77),10,0)+IF(ISNUMBER(F83),10,0))=0,"",(IF(ISNUMBER(F77),F77*10,0)+IF(ISNUMBER(F83),F83*10,0))/(IF(ISNUMBER(F77),10,0)+IF(ISNUMBER(F83),10,0))) | G89: =IF((IF(ISNUMBER(G77),10,0)+IF(ISNUMBER(G83),10,0))=0,"",(IF(ISNUMBER(G77),G77*10,0)+IF(ISNUMBER(G83),G83*10,0))/(IF(ISNUMBER(G77),10,0)+IF(ISNUMBER(G83),10,0))) | H89: =IF((IF(ISNUMBER(H77),10,0)+IF(ISNUMBER(H83),10,0))=0,"",(IF(ISNUMBER(H77),H77*10,0)+IF(ISNUMBER(H83),H83*10,0))/(IF(ISNUMBER(H77),10,0)+IF(ISNUMBER(H83),10,0))) | I89: =IF((IF(ISNUMBER(I77),10,0)+IF(ISNUMBER(I83),10,0))=0,"",(IF(ISNUMBER(I77),I77*10,0)+IF(ISNUMBER(I83),I83*10,0))/(IF(ISNUMBER(I77),10,0)+IF(ISNUMBER(I83),10,0))) | J89: =IF((IF(ISNUMBER(J77),10,0)+IF(ISNUMBER(J83),10,0))=0,"",(IF(ISNUMBER(J77),J77*10,0)+IF(ISNUMBER(J83),J83*10,0))/(IF(ISNUMBER(J77),10,0)+IF(ISNUMBER(J83),10,0))) | K89: =IF((IF(ISNUMBER(K77),10,0)+IF(ISNUMBER(K83),10,0))=0,"",(IF(ISNUMBER(K77),K77*10,0)+IF(ISNUMBER(K83),K83*10,0))/(IF(ISNUMBER(K77),10,0)+IF(ISNUMBER(K83),10,0))) | L89: =IF((IF(ISNUMBER(L77),10,0)+IF(ISNUMBER(L83),10,0))=0,"",(IF(ISNUMBER(L77),L77*10,0)+IF(ISNUMBER(L83),L83*10,0))/(IF(ISNUMBER(L77),10,0)+IF(ISNUMBER(L83),10,0))) | ... Y89: =IF((IF(ISNUMBER(Y77),10,0)+IF(ISNUMBER(Y83),10,0))=0,"",(IF(ISNUMBER(Y77),Y77*10,0)+IF(ISNUMBER(Y83),Y83*10,0))/(IF(ISNUMBER(Y77),10,0)+IF(ISNUMBER(Y83),10,0))) | Z89: =_xlfn.IFERROR(AVERAGE(E89:Y89),"")
A90: SUB-VARIABEL: BAGIAN I — Aparatur: G5 Partisipasi Warga (Ps. 6 Perda No.10/2021) [D7]
B91: G5a | C91: Siskamling & ronda malam aktif di tingkat RT/RW sebagai bentuk partisipasi warga menjaga ketenteraman (Ps.6) | D91: 6.7 | E91: =IF(COUNTA(E92:E96)=0,"",COUNTIF(E92:E96,"Ya")/5*100) | F91: =IF(COUNTA(F92:F96)=0,"",COUNTIF(F92:F96,"Ya")/5*100) | G91: =IF(COUNTA(G92:G96)=0,"",COUNTIF(G92:G96,"Ya")/5*100) | H91: =IF(COUNTA(H92:H96)=0,"",COUNTIF(H92:H96,"Ya")/5*100) | I91: =IF(COUNTA(I92:I96)=0,"",COUNTIF(I92:I96,"Ya")/5*100) | J91: =IF(COUNTA(J92:J96)=0,"",COUNTIF(J92:J96,"Ya")/5*100) | K91: =IF(COUNTA(K92:K96)=0,"",COUNTIF(K92:K96,"Ya")/5*100) | L91: =IF(COUNTA(L92:L96)=0,"",COUNTIF(L92:L96,"Ya")/5*100) | ... Y91: =IF(COUNTA(Y92:Y96)=0,"",COUNTIF(Y92:Y96,"Ya")/5*100) | Z91: =_xlfn.IFERROR(AVERAGE(E91:Y91),"")
B92: G5aa | C92: Struktur/jadwal siskamling atau ronda malam tercatat di tingkat RT/RW
B93: G5ab | C93: Pos ronda/siskamling secara fisik tersedia dan terawat
B94: G5ac | C94: Pelaksanaan ronda malam terkonfirmasi berjalan pada sampel RT/RW yang diperiksa
B95: G5ad | C95: Pelaksanaan tersebut konsisten, bukan hanya formalitas jadwal tanpa realisasi
B96: G5ae | C96: Tersedia catatan/laporan kegiatan siskamling yang terdokumentasi
B97: G5b | C97: Warga aktif melaporkan pelanggaran ketertiban kepada petugas kecamatan/Satpol PP melalui saluran yang tersedia | D97: 6.7 | E97: =IF(COUNTA(E98:E102)=0,"",COUNTIF(E98:E102,"Ya")/5*100) | F97: =IF(COUNTA(F98:F102)=0,"",COUNTIF(F98:F102,"Ya")/5*100) | G97: =IF(COUNTA(G98:G102)=0,"",COUNTIF(G98:G102,"Ya")/5*100) | H97: =IF(COUNTA(H98:H102)=0,"",COUNTIF(H98:H102,"Ya")/5*100) | I97: =IF(COUNTA(I98:I102)=0,"",COUNTIF(I98:I102,"Ya")/5*100) | J97: =IF(COUNTA(J98:J102)=0,"",COUNTIF(J98:J102,"Ya")/5*100) | K97: =IF(COUNTA(K98:K102)=0,"",COUNTIF(K98:K102,"Ya")/5*100) | L97: =IF(COUNTA(L98:L102)=0,"",COUNTIF(L98:L102,"Ya")/5*100) | ... Y97: =IF(COUNTA(Y98:Y102)=0,"",COUNTIF(Y98:Y102,"Ya")/5*100) | Z97: =_xlfn.IFERROR(AVERAGE(E97:Y97),"")
B98: G5ba | C98: Warga mengetahui adanya saluran pelaporan pelanggaran ketertiban
B99: G5bb | C99: Terdapat catatan laporan dari warga yang masuk melalui saluran tersebut
B100: G5bc | C100: Jumlah laporan warga menunjukkan partisipasi aktif, bukan nol laporan dalam periode panjang tanpa penjelasan
...

Sheet Skor_Dimensi
A1: SKOR DIMENSI D1-D7 PER KECAMATAN (agregasi otomatis dari Cek_A..Cek_F)
A3: No | B3: Kode | C3: Nama Dimensi | E3: Tembung | F3: Belawan | G3: Marelan | H3: Amplas | I3: Perjuangan | J3: Deli | K3: Tuntungan | L3: Selayang | M3: Polonia | N3: Area | O3: Kota | P3: Baru | Q3: Johor | R3: Denai | S3: Labuhan | T3: Timur | U3: Barat | V3: Helvetia | W3: Sunggal | X3: Maimun | Y3: Petisah | Z3: Rata-rata Kota
